,close,strike_price,price,rf,S/K,day_diff,weekNo,date,exdate,impl_volatility,vega
8921,1150.23,1115.0,51.7,0.12,1.0315964125560537,60.0,3,2010-01-19,2010-03-20,0.18568800000000002,167.0729
9774,1138.04,1050.0,109.65,0.12,1.083847619047619,150.0,3,2010-01-20,2010-06-19,0.223793,241.5598
9849,1138.04,1130.0,55.6,0.12,1.0071150442477876,150.0,3,2010-01-20,2010-06-19,0.194445,286.1432
9852,1138.04,1170.0,35.25,0.12,0.9726837606837606,150.0,3,2010-01-20,2010-06-19,0.181527,278.1996
9855,1138.04,1190.0,27.049999999999997,0.12,0.9563361344537815,150.0,3,2010-01-20,2010-06-19,0.175625,263.7223
10414,1138.04,1220.0,17.2,0.12,0.9328196721311475,150.0,3,2010-01-20,2010-06-19,0.167285,229.3409
10417,1138.04,1240.0,12.25,0.12,0.9177741935483871,150.0,3,2010-01-20,2010-06-19,0.16233,199.9382
10420,1138.04,1200.0,23.5,0.12,0.9483666666666667,150.0,3,2010-01-20,2010-06-19,0.173001,253.9498
10668,1116.48,1025.0,125.4,0.12,1.0892487804878048,240.0,3,2010-01-21,2010-09-18,0.234058,315.1176
10670,1116.48,1075.0,91.6,0.12,1.038586046511628,240.0,3,2010-01-21,2010-09-18,0.218177,344.8233
10700,1116.48,1100.0,32.2,0.12,1.0149818181818182,30.0,3,2010-01-21,2010-02-20,0.196399,118.6174
10748,1116.48,1125.0,63.4,0.12,0.9924266666666667,240.0,3,2010-01-21,2010-09-18,0.20523000000000002,354.6335
10750,1116.48,1175.0,39.75,0.12,0.9501957446808511,240.0,3,2010-01-21,2010-09-18,0.190078,336.0412
11313,1116.48,1240.0,19.299999999999997,0.12,0.9003870967741936,240.0,3,2010-01-21,2010-09-18,0.176015,268.4982
11552,1091.76,1050.0,78.45,0.12,1.0397714285714286,120.0,3,2010-01-22,2010-05-22,0.244371,234.5678
11627,1091.76,1150.0,25.25,0.12,0.9493565217391304,120.0,3,2010-01-22,2010-05-22,0.202178,222.7655
12194,1091.76,1200.0,10.95,0.12,0.9097999999999999,120.0,3,2010-01-22,2010-05-22,0.185373,164.1489
17674,1103.32,1050.0,98.5,0.12,1.0507809523809524,240.0,5,2010-02-02,2010-09-30,0.221743,335.5441
18488,1103.32,1150.0,43.9,0.12,0.9594086956521739,240.0,5,2010-02-02,2010-09-30,0.192582,339.6227
18490,1103.32,1175.0,33.900000000000006,0.12,0.938995744680851,240.0,5,2010-02-02,2010-09-30,0.185861,321.9092
18492,1103.32,1200.0,25.700000000000003,0.12,0.9194333333333333,240.0,5,2010-02-02,2010-09-30,0.180256,296.9145
28482,1109.17,1055.0,80.6,0.12,1.051345971563981,120.0,7,2010-02-19,2010-06-19,0.218756,229.0094
28547,1109.17,1100.0,51.3,0.12,1.0083363636363638,120.0,7,2010-02-19,2010-06-19,0.20024,249.1097
28552,1109.17,1170.0,18.95,0.12,0.9480085470085471,120.0,7,2010-02-19,2010-06-19,0.173974,214.8518
29044,1109.17,1210.0,8.55,0.12,0.9166694214876033,120.0,7,2010-02-19,2010-06-19,0.160971,156.262
35082,1118.31,1150.0,28.7,0.12,0.9724434782608695,120.0,9,2010-03-02,2010-06-30,0.176214,242.7511
36847,1122.97,1150.0,46.0,0.12,0.9764956521739131,210.0,9,2010-03-04,2010-09-30,0.186014,330.0421
36849,1122.97,1200.0,25.9,0.12,0.9358083333333334,210.0,9,2010-03-04,2010-09-30,0.1724,292.3662
44694,1165.83,1155.0,24.5,0.12,1.0093766233766233,30.0,11,2010-03-18,2010-04-17,0.152973,125.8773
45154,1165.83,1225.0,1.4500000000000002,0.12,0.9516979591836734,30.0,11,2010-03-18,2010-04-17,0.128462,47.29225
46259,1165.81,1075.0,114.65,0.12,1.084474418604651,180.0,12,2010-03-22,2010-09-18,0.214998,274.9904
46260,1165.81,1090.0,103.65,0.12,1.0695504587155962,180.0,12,2010-03-22,2010-09-18,0.210142,287.3167
46337,1165.81,1100.0,96.45,0.12,1.0598272727272726,180.0,12,2010-03-22,2010-09-18,0.20658800000000002,294.7818
46338,1165.81,1125.0,79.55,0.12,1.0362755555555556,180.0,12,2010-03-22,2010-09-18,0.198505,310.3319
46339,1165.81,1150.0,64.0,0.12,1.0137478260869566,180.0,12,2010-03-22,2010-09-18,0.190348,319.655
46340,1165.81,1175.0,50.1,0.12,0.9921787234042553,180.0,12,2010-03-22,2010-09-18,0.182546,320.7662
46341,1165.81,1190.0,42.65,0.12,0.979672268907563,180.0,12,2010-03-22,2010-09-18,0.178148,316.7619
46875,1165.81,1200.0,38.05,0.12,0.9715083333333333,180.0,12,2010-03-22,2010-09-18,0.175276,311.9827
46876,1165.81,1225.0,27.85,0.12,0.9516816326530612,180.0,12,2010-03-22,2010-09-18,0.168256,292.4178
46877,1165.81,1240.0,22.700000000000003,0.12,0.9401693548387097,180.0,12,2010-03-22,2010-09-18,0.164411,275.7243
46878,1165.81,1250.0,19.7,0.12,0.9326479999999999,180.0,12,2010-03-22,2010-09-18,0.162151,262.8907
46879,1165.81,1275.0,13.3,0.12,0.9143607843137255,180.0,12,2010-03-22,2010-09-18,0.15621500000000002,225.1251
47155,1174.17,1075.0,131.95,0.12,1.0922511627906977,270.0,12,2010-03-23,2010-12-18,0.21831,348.8701
47229,1174.17,1100.0,114.4,0.12,1.067427272727273,270.0,12,2010-03-23,2010-12-18,0.21116300000000002,367.2449
47231,1174.17,1150.0,82.44999999999999,0.12,1.0210173913043479,270.0,12,2010-03-23,2010-12-18,0.197159,391.6102
47550,1174.17,1300.0,19.5,0.12,0.9032076923076924,270.0,12,2010-03-23,2010-12-18,0.161657,297.2055
47786,1174.17,1200.0,55.55,0.12,0.9784750000000001,270.0,12,2010-03-23,2010-12-18,0.183978,391.4466
47788,1174.17,1250.0,34.6,0.12,0.9393360000000001,270.0,12,2010-03-23,2010-12-18,0.172333,359.7117
47790,1174.17,1260.0,31.1,0.12,0.9318809523809525,270.0,12,2010-03-23,2010-12-18,0.170067,349.4264
47792,1174.17,1270.0,27.85,0.12,0.9245433070866143,270.0,12,2010-03-23,2010-12-18,0.167882,337.9496
53933,1178.1,1275.0,4.699999999999999,0.12,0.9239999999999999,90.0,13,2010-04-01,2010-06-30,0.140206,116.4605
54843,1187.44,1100.0,123.6,0.12,1.079490909090909,270.0,14,2010-04-05,2010-12-31,0.21119899999999997,362.2765
54845,1187.44,1200.0,62.15,0.12,0.9895333333333334,270.0,14,2010-04-05,2010-12-31,0.184373,399.6971
63543,1207.17,1160.0,58.349999999999994,0.12,1.0406637931034484,60.0,16,2010-04-20,2010-06-19,0.16894800000000001,161.2878
64082,1207.17,1275.0,3.55,0.12,0.9468000000000001,60.0,16,2010-04-20,2010-06-19,0.122359,98.46902
64423,1205.94,1105.0,119.1,0.12,1.0913484162895928,150.0,16,2010-04-21,2010-09-18,0.21252600000000002,243.6972
64426,1205.94,1120.0,107.5,0.12,1.0767321428571428,150.0,16,2010-04-21,2010-09-18,0.207273,257.4728
64429,1205.94,1135.0,96.3,0.12,1.0625022026431719,150.0,16,2010-04-21,2010-09-18,0.202019,270.3047
64432,1205.94,1150.0,85.55000000000001,0.12,1.0486434782608696,150.0,16,2010-04-21,2010-09-18,0.196793,281.7728
64984,1205.94,1225.0,40.55,0.12,0.9844408163265307,150.0,16,2010-04-21,2010-09-18,0.172514,300.5019
64987,1205.94,1275.0,20.450000000000003,0.12,0.9458352941176471,150.0,16,2010-04-21,2010-09-18,0.158751,258.8036
65320,1208.67,1100.0,138.55,0.12,1.0987909090909092,240.0,16,2010-04-22,2010-12-18,0.221429,328.4421
65322,1208.67,1110.0,131.2,0.12,1.088891891891892,240.0,16,2010-04-22,2010-12-18,0.21852399999999997,336.6954
65324,1208.67,1120.0,124.05000000000001,0.12,1.079169642857143,240.0,16,2010-04-22,2010-12-18,0.215786,344.5768
65326,1208.67,1150.0,103.4,0.12,1.051017391304348,240.0,16,2010-04-22,2010-12-18,0.207197,364.9416
65606,1208.67,1305.0,0.22499999999999998,0.12,0.9261839080459771,30.0,16,2010-04-22,2010-05-22,0.128662,12.60948
65656,1208.67,1300.0,28.950000000000003,0.12,0.9297461538461539,240.0,16,2010-04-22,2010-12-18,0.171099,333.8
65822,1208.67,1250.0,3.05,0.12,0.966936,30.0,16,2010-04-22,2010-05-22,0.119671,77.76434
65874,1208.67,1225.0,59.5,0.12,0.986669387755102,240.0,16,2010-04-22,2010-12-18,0.187339,383.0568
65876,1208.67,1255.0,45.7,0.12,0.9630836653386454,240.0,16,2010-04-22,2010-12-18,0.180651,372.1057
65878,1208.67,1265.0,41.55,0.12,0.9554703557312254,240.0,16,2010-04-22,2010-12-18,0.178432,365.8239
65880,1208.67,1275.0,37.65,0.12,0.9479764705882353,240.0,16,2010-04-22,2010-12-18,0.176281,358.2398
66189,1217.28,1170.0,74.25,0.12,1.0404102564102564,120.0,16,2010-04-23,2010-08-21,0.190279,256.0451
66751,1217.28,1255.0,26.65,0.12,0.9699442231075697,120.0,16,2010-04-23,2010-08-21,0.16234300000000002,258.7554
71462,1202.26,1300.0,17.2,0.12,0.9248153846153846,150.0,18,2010-05-03,2010-09-30,0.171284,235.1642
72254,1202.26,1100.0,126.55,0.12,1.0929636363636364,150.0,18,2010-05-03,2010-09-30,0.23741700000000002,250.6521
72257,1202.26,1200.0,58.400000000000006,0.12,1.0018833333333332,150.0,18,2010-05-03,2010-09-30,0.20025199999999999,303.7983
74121,1165.87,1150.0,92.15,0.12,1.0137999999999998,240.0,18,2010-05-05,2010-12-31,0.242049,368.7339
74123,1165.87,1250.0,43.0,0.12,0.9326959999999999,240.0,18,2010-05-05,2010-12-31,0.21163600000000002,346.1921
83315,1071.59,1045.0,63.3,0.12,1.025444976076555,30.0,20,2010-05-20,2010-06-19,0.425754,114.2644
84587,1087.69,1075.0,80.30000000000001,0.12,1.0118046511627907,120.0,20,2010-05-21,2010-09-18,0.313135,243.0263
84592,1087.69,1115.0,57.2,0.12,0.9755067264573991,120.0,20,2010-05-21,2010-09-18,0.29041500000000003,243.9651
84597,1087.69,1140.0,44.8,0.12,0.9541140350877193,120.0,20,2010-05-21,2010-09-18,0.277283,237.6553
84602,1087.69,1195.0,23.3,0.12,0.9102008368200837,120.0,20,2010-05-21,2010-09-18,0.2502,201.9456
84641,1087.69,990.0,139.7,0.12,1.0986767676767677,120.0,20,2010-05-21,2010-09-18,0.365704,212.4243
91190,1098.38,1050.0,91.65,0.12,1.0460761904761906,120.0,22,2010-06-02,2010-09-30,0.27951,235.1731
91195,1098.38,1175.0,24.1,0.12,0.9347914893617022,120.0,22,2010-06-02,2010-09-30,0.21625500000000003,216.6574
93022,1064.88,1050.0,92.65,0.12,1.0141714285714287,210.0,22,2010-06-04,2010-12-31,0.28275500000000003,314.6514
93024,1064.88,1150.0,43.2,0.12,0.9259826086956523,210.0,22,2010-06-04,2010-12-31,0.245964,297.4086
93044,1064.88,1000.0,137.89999999999998,0.12,1.06488,300.0,22,2010-06-04,2011-03-31,0.297589,358.0232
93045,1064.88,1050.0,107.19999999999999,0.12,1.0141714285714287,300.0,22,2010-06-04,2011-03-31,0.28019499999999997,374.1686
93046,1064.88,1100.0,80.8,0.12,0.9680727272727274,300.0,22,2010-06-04,2011-03-31,0.265324,377.19699999999995
93047,1064.88,1150.0,57.7,0.12,0.9259826086956523,300.0,22,2010-06-04,2011-03-31,0.249322,363.82
100256,1116.04,1065.0,63.150000000000006,0.12,1.0479248826291079,30.0,24,2010-06-17,2010-07-17,0.271002,100.1372
102420,1113.2,1025.0,126.4,0.12,1.086048780487805,180.0,25,2010-06-21,2010-12-18,0.272382,272.2231
102421,1113.2,1030.0,122.8,0.12,1.0807766990291263,180.0,25,2010-06-21,2010-12-18,0.270401,275.3058
102422,1113.2,1035.0,119.1,0.12,1.0755555555555556,180.0,25,2010-06-21,2010-12-18,0.267929,278.2373
102423,1113.2,1040.0,115.5,0.12,1.0703846153846155,180.0,25,2010-06-21,2010-12-18,0.265689,281.1057
102424,1113.2,1045.0,112.0,0.12,1.065263157894737,180.0,25,2010-06-21,2010-12-18,0.26367199999999996,283.8923
102425,1113.2,1050.0,108.45,0.12,1.0601904761904761,180.0,25,2010-06-21,2010-12-18,0.261342,286.5394
102426,1113.2,1055.0,105.0,0.12,1.0551658767772512,180.0,25,2010-06-21,2010-12-18,0.259226,289.0841
102427,1113.2,1060.0,101.5,0.12,1.050188679245283,180.0,25,2010-06-21,2010-12-18,0.256799,291.4826
102428,1113.2,1065.0,98.1,0.12,1.0452582159624413,180.0,25,2010-06-21,2010-12-18,0.254576,293.7573
102429,1113.2,1070.0,94.8,0.12,1.040373831775701,180.0,25,2010-06-21,2010-12-18,0.252548,295.8916
102430,1113.2,1075.0,91.44999999999999,0.12,1.0355348837209302,180.0,25,2010-06-21,2010-12-18,0.250204,297.86
102431,1113.2,1100.0,75.55,0.12,1.012,180.0,25,2010-06-21,2010-12-18,0.23904,305.0234
102432,1113.2,1105.0,72.55,0.12,1.0074208144796382,180.0,25,2010-06-21,2010-12-18,0.236921,305.8407
102433,1113.2,1110.0,69.55,0.12,1.0028828828828829,180.0,25,2010-06-21,2010-12-18,0.23463499999999998,306.4286
102434,1113.2,1115.0,66.69999999999999,0.12,0.9983856502242153,180.0,25,2010-06-21,2010-12-18,0.232667,306.7726
102435,1113.2,1120.0,63.85,0.12,0.9939285714285715,180.0,25,2010-06-21,2010-12-18,0.230525,306.8654
102436,1113.2,1125.0,61.1,0.12,0.9895111111111111,180.0,25,2010-06-21,2010-12-18,0.22853099999999998,306.6963
102437,1113.2,1150.0,48.05,0.12,0.9680000000000001,180.0,25,2010-06-21,2010-12-18,0.218056,301.555
102438,1113.2,1175.0,36.7,0.12,0.947404255319149,180.0,25,2010-06-21,2010-12-18,0.20821599999999998,288.5687
102439,1113.2,1200.0,27.1,0.12,0.9276666666666668,180.0,25,2010-06-21,2010-12-18,0.198943,267.337
102440,1113.2,1225.0,19.2,0.12,0.908734693877551,180.0,25,2010-06-21,2010-12-18,0.189996,238.2095
103096,1095.31,1210.0,2.225,0.12,0.9052148760330578,60.0,25,2010-06-22,2010-08-21,0.169872,58.35029
103443,1095.31,1025.0,129.2,0.12,1.0685951219512195,270.0,25,2010-06-22,2011-03-19,0.27217800000000003,346.0448
103445,1095.31,1075.0,97.25,0.12,1.018893023255814,270.0,25,2010-06-22,2011-03-19,0.253763,364.6482
103447,1095.31,1125.0,69.5,0.12,0.9736088888888889,270.0,25,2010-06-22,2011-03-19,0.236396,367.1922
103449,1095.31,1175.0,46.45,0.12,0.9321787234042552,270.0,25,2010-06-22,2011-03-19,0.219836,348.2509
110924,1022.58,1075.0,29.450000000000003,0.12,0.9512372093023256,90.0,26,2010-07-02,2010-09-30,0.257412,187.7029
120656,1069.59,1000.0,109.05,0.12,1.0695899999999998,150.0,29,2010-07-21,2010-12-18,0.28334899999999996,246.1336
120659,1069.59,1035.0,85.45,0.12,1.0334202898550724,150.0,29,2010-07-21,2010-12-18,0.26776500000000003,261.8532
120662,1069.59,1050.0,76.15,0.12,1.0186571428571427,150.0,29,2010-07-21,2010-12-18,0.261491,266.2072
120665,1069.59,1065.0,67.25,0.12,1.0043098591549295,150.0,29,2010-07-21,2010-12-18,0.254961,268.7473
120668,1069.59,1100.0,48.650000000000006,0.12,0.9723545454545454,150.0,29,2010-07-21,2010-12-18,0.24044200000000002,266.1985
120671,1069.59,1115.0,41.650000000000006,0.12,0.9592735426008968,150.0,29,2010-07-21,2010-12-18,0.23446799999999998,260.9674
120674,1069.59,1150.0,27.75,0.12,0.9300782608695651,150.0,29,2010-07-21,2010-12-18,0.221323,238.4145
121129,1093.67,1030.0,71.25,0.12,1.0618155339805826,30.0,29,2010-07-22,2010-08-21,0.262283,84.61251999999999
121591,1093.67,1025.0,123.94999999999999,0.12,1.0669951219512195,240.0,29,2010-07-22,2011-03-19,0.275939,326.4463
121593,1093.67,1075.0,92.4,0.12,1.0173674418604652,240.0,29,2010-07-22,2011-03-19,0.257919,344.2585
121595,1093.67,1125.0,64.8,0.12,0.9721511111111112,240.0,29,2010-07-22,2011-03-19,0.239592,345.3146
121597,1093.67,1175.0,42.349999999999994,0.12,0.9307829787234043,240.0,29,2010-07-22,2011-03-19,0.222702,324.1577
122359,1102.66,1125.0,42.6,0.12,0.9801422222222222,120.0,29,2010-07-23,2010-11-20,0.221585,245.8803
129063,1120.46,1100.0,71.75,0.12,1.0186,150.0,31,2010-08-03,2010-12-31,0.23282399999999998,279.9287
129086,1120.46,1100.0,88.7,0.12,1.0186,240.0,31,2010-08-03,2011-03-31,0.239502,353.4556
129088,1120.46,1200.0,39.05,0.12,0.9337166666666668,240.0,31,2010-08-03,2011-03-31,0.206394,329.4449
137664,1092.54,1160.0,10.600000000000001,0.12,0.9418448275862069,60.0,33,2010-08-17,2010-10-16,0.197239,129.5647
140386,1071.69,1030.0,85.7,0.12,1.0404757281553398,120.0,33,2010-08-20,2010-12-18,0.281254,231.4212
140391,1071.69,1055.0,69.7,0.12,1.0158199052132701,120.0,33,2010-08-20,2010-12-18,0.26882399999999995,239.0222
140396,1071.69,1080.0,55.099999999999994,0.12,0.9923055555555556,120.0,33,2010-08-20,2010-12-18,0.25632699999999997,241.2844
140401,1071.69,1105.0,42.25,0.12,0.9698552036199095,120.0,33,2010-08-20,2010-12-18,0.244544,236.8135
140406,1071.69,1130.0,31.35,0.12,0.9483982300884957,120.0,33,2010-08-20,2010-12-18,0.23380399999999998,224.6898
140411,1071.69,1180.0,15.149999999999999,0.12,0.9082118644067797,120.0,33,2010-08-20,2010-12-18,0.21374400000000002,177.7856
140491,1071.69,975.0,125.05,0.12,1.099169230769231,120.0,33,2010-08-20,2010-12-18,0.30841199999999996,202.5564
143224,1055.33,1050.0,69.95,0.12,1.0050761904761905,150.0,34,2010-08-25,2011-01-22,0.267962,265.0061
143227,1055.33,1125.0,33.55,0.12,0.9380711111111111,150.0,34,2010-08-25,2011-01-22,0.23642600000000003,245.3693
149184,1090.1,1050.0,80.05,0.12,1.038190476190476,120.0,35,2010-09-02,2010-12-31,0.255352,236.511
149206,1090.1,1000.0,133.39999999999998,0.12,1.0900999999999998,210.0,35,2010-09-02,2011-03-31,0.28388,292.2896
149208,1090.1,1100.0,70.55,0.12,0.9909999999999999,210.0,35,2010-09-02,2011-03-31,0.24640399999999998,324.8965
149210,1090.1,1200.0,27.4,0.12,0.9084166666666665,210.0,35,2010-09-02,2011-03-31,0.211339,273.5922
150195,1104.51,1025.0,138.5,0.12,1.077570731707317,300.0,35,2010-09-03,2011-06-30,0.27427199999999996,366.3578
150196,1104.51,1050.0,122.35,0.12,1.0519142857142858,300.0,35,2010-09-03,2011-06-30,0.26629,377.7198
150197,1104.51,1075.0,106.94999999999999,0.12,1.0274511627906977,300.0,35,2010-09-03,2011-06-30,0.25811999999999996,386.0551
150198,1104.51,1100.0,92.5,0.12,1.0041,300.0,35,2010-09-03,2011-06-30,0.25013,390.7688
150199,1104.51,1125.0,79.0,0.12,0.9817866666666667,300.0,35,2010-09-03,2011-06-30,0.242157,391.2596
150200,1104.51,1150.0,66.65,0.12,0.9604434782608695,300.0,35,2010-09-03,2011-06-30,0.23456799999999997,386.9875
150201,1104.51,1175.0,55.4,0.12,0.9400085106382978,300.0,35,2010-09-03,2011-06-30,0.22711399999999998,377.5286
150202,1104.51,1200.0,45.150000000000006,0.12,0.9204249999999999,300.0,35,2010-09-03,2011-06-30,0.21941799999999997,362.4756
150203,1104.51,1225.0,36.1,0.12,0.9016408163265306,300.0,35,2010-09-03,2011-06-30,0.211936,341.8244
156851,1124.66,1125.0,22.3,0.12,0.9996977777777778,30.0,37,2010-09-16,2010-10-16,0.18767899999999998,124.0529
159108,1142.71,1050.0,126.95,0.12,1.0882952380952382,180.0,38,2010-09-20,2011-03-19,0.261182,277.1503
159109,1142.71,1075.0,108.95,0.12,1.0629860465116279,180.0,38,2010-09-20,2011-03-19,0.25100500000000003,292.4807
159110,1142.71,1100.0,92.05,0.12,1.0388272727272727,180.0,38,2010-09-20,2011-03-19,0.241159,304.7136
159111,1142.71,1125.0,76.35,0.12,1.0157422222222223,180.0,38,2010-09-20,2011-03-19,0.231525,312.6005
159112,1142.71,1150.0,61.849999999999994,0.12,0.9936608695652174,180.0,38,2010-09-20,2011-03-19,0.221681,314.8365
159113,1142.71,1175.0,48.75,0.12,0.9725191489361702,180.0,38,2010-09-20,2011-03-19,0.21185199999999998,310.0962
159114,1142.71,1190.0,41.75,0.12,0.9602605042016807,180.0,38,2010-09-20,2011-03-19,0.206409,303.4709
159115,1142.71,1200.0,37.349999999999994,0.12,0.9522583333333333,180.0,38,2010-09-20,2011-03-19,0.20263,297.3335
159116,1142.71,1225.0,27.65,0.12,0.9328244897959184,180.0,38,2010-09-20,2011-03-19,0.19378299999999998,276.0698
159117,1142.71,1250.0,19.75,0.12,0.914168,180.0,38,2010-09-20,2011-03-19,0.185633,246.949
159785,1139.78,1265.0,1.125,0.12,0.9010118577075099,60.0,38,2010-09-21,2010-11-20,0.152288,39.917609999999996
160125,1139.78,1060.0,134.2,0.12,1.0752641509433962,270.0,38,2010-09-21,2011-06-18,0.266009,357.6025
160127,1139.78,1100.0,108.15,0.12,1.0361636363636364,270.0,38,2010-09-21,2011-06-18,0.252393,374.9923
160129,1139.78,1150.0,78.95,0.12,0.9911130434782608,270.0,38,2010-09-21,2011-06-18,0.235553,383.2871
160131,1139.78,1190.0,58.75,0.12,0.9577983193277311,270.0,38,2010-09-21,2011-06-18,0.222483,375.5491
160133,1139.78,1225.0,43.650000000000006,0.12,0.9304326530612245,270.0,38,2010-09-21,2011-06-18,0.21147,356.2782
162868,1148.67,1100.0,83.5,0.12,1.0442454545454547,120.0,38,2010-09-24,2011-01-22,0.238182,243.9805
162873,1148.67,1185.0,33.849999999999994,0.12,0.9693417721518988,120.0,38,2010-09-24,2011-01-22,0.20005,249.3678
177636,1165.9,1080.0,96.5,0.12,1.0795370370370372,60.0,42,2010-10-19,2010-12-18,0.2443,133.8092
178807,1178.17,1100.0,109.7,0.12,1.0710636363636363,150.0,42,2010-10-20,2011-03-19,0.24243699999999999,265.2392
178810,1178.17,1175.0,61.2,0.12,1.0026978723404256,150.0,42,2010-10-20,2011-03-19,0.215401,296.4705
178813,1178.17,1225.0,36.25,0.12,0.9617714285714286,150.0,42,2010-10-20,2011-03-19,0.197731,283.0175
178816,1178.17,1300.0,12.5,0.12,0.9062846153846155,150.0,42,2010-10-20,2011-03-19,0.174843,198.5673
179312,1180.26,1190.0,16.25,0.12,0.9918151260504202,30.0,42,2010-10-21,2010-11-20,0.16444,127.8533
179780,1180.26,1075.0,144.5,0.12,1.0979162790697674,240.0,42,2010-10-21,2011-06-18,0.255861,331.1697
179782,1180.26,1100.0,126.89999999999999,0.12,1.0729636363636363,240.0,42,2010-10-21,2011-06-18,0.24776199999999998,347.0496
179784,1180.26,1125.0,110.2,0.12,1.04912,240.0,42,2010-10-21,2011-06-18,0.239756,360.1176
179786,1180.26,1175.0,79.75,0.12,1.0044765957446808,240.0,42,2010-10-21,2011-06-18,0.223755,374.3449
179788,1180.26,1200.0,66.30000000000001,0.12,0.98355,240.0,42,2010-10-21,2011-06-18,0.2161,373.6971
179790,1180.26,1250.0,43.45,0.12,0.944208,240.0,42,2010-10-21,2011-06-18,0.20183399999999999,353.2288
179792,1180.26,1300.0,26.1,0.12,0.9078923076923077,240.0,42,2010-10-21,2011-06-18,0.188614,305.9819
180570,1183.08,1150.0,68.9,0.12,1.0287652173913042,120.0,42,2010-10-22,2011-02-19,0.20882199999999998,258.4493
180575,1183.08,1275.0,12.7,0.12,0.9279058823529411,120.0,42,2010-10-22,2011-02-19,0.166914,192.7022
186442,1184.38,1150.0,80.44999999999999,0.12,1.029895652173913,150.0,44,2010-11-01,2011-03-31,0.22666999999999998,291.8344
186445,1184.38,1300.0,15.350000000000001,0.12,0.9110615384615386,150.0,44,2010-11-01,2011-03-31,0.182224,215.96
187375,1193.57,1125.0,119.45,0.12,1.060951111111111,240.0,44,2010-11-02,2011-06-30,0.24241300000000002,358.6819
187377,1193.57,1175.0,88.6,0.12,1.0158042553191489,240.0,44,2010-11-02,2011-06-30,0.228357,377.4261
187379,1193.57,1225.0,62.05,0.12,0.9743428571428571,240.0,44,2010-11-02,2011-06-30,0.21433200000000002,376.4777
187381,1193.57,1275.0,40.2,0.12,0.9361333333333333,240.0,44,2010-11-02,2011-06-30,0.20002999999999999,350.4283
197104,1196.69,1160.0,46.2,0.12,1.0316293103448277,30.0,46,2010-11-18,2010-12-18,0.19184600000000002,111.2573
198270,1199.73,1125.0,98.6,0.12,1.0664266666666666,120.0,46,2010-11-19,2011-03-19,0.22415100000000002,235.8972
198275,1199.73,1225.0,35.95,0.12,0.9793714285714286,120.0,46,2010-11-19,2011-03-19,0.184502,264.6936
199829,1180.73,1215.0,16.25,0.12,0.9717942386831276,60.0,47,2010-11-23,2011-01-22,0.166293,169.6031
204920,1206.07,1150.0,90.6,0.12,1.0487565217391304,120.0,48,2010-12-01,2011-03-31,0.235904,253.9356
205838,1221.53,1125.0,134.45,0.12,1.0858044444444443,210.0,48,2010-12-02,2011-06-30,0.24409899999999998,323.7435
205840,1221.53,1175.0,100.30000000000001,0.12,1.0396,210.0,48,2010-12-02,2011-06-30,0.22817600000000002,352.5824
205842,1221.53,1225.0,70.5,0.12,0.9971673469387755,210.0,48,2010-12-02,2011-06-30,0.21268800000000002,364.2408
205844,1221.53,1275.0,46.1,0.12,0.9580627450980392,210.0,48,2010-12-02,2011-06-30,0.198441,350.7441
205846,1221.53,1350.0,20.450000000000003,0.12,0.904837037037037,210.0,48,2010-12-02,2011-06-30,0.179302,276.8608
216046,1247.08,1150.0,124.85,0.12,1.0844173913043478,180.0,51,2010-12-20,2011-06-18,0.222002,296.1377
216047,1247.08,1175.0,106.45,0.12,1.0613446808510638,180.0,51,2010-12-20,2011-06-18,0.21321700000000002,315.0406
216048,1247.08,1190.0,95.85,0.12,1.0479663865546218,180.0,51,2010-12-20,2011-06-18,0.20777199999999998,324.7648
216049,1247.08,1200.0,89.25,0.12,1.0392333333333332,180.0,51,2010-12-20,2011-06-18,0.20487399999999997,330.4351
216050,1247.08,1225.0,73.4,0.12,1.0180244897959183,180.0,51,2010-12-20,2011-06-18,0.196931,340.6211
216051,1247.08,1250.0,59.1,0.12,0.997664,180.0,51,2010-12-20,2011-06-18,0.189524,343.8681
216052,1247.08,1275.0,46.5,0.12,0.9781019607843137,180.0,51,2010-12-20,2011-06-18,0.18271400000000002,338.6992
216053,1247.08,1300.0,34.9,0.12,0.9592923076923077,180.0,51,2010-12-20,2011-06-18,0.174092,323.5661
216054,1247.08,1325.0,26.200000000000003,0.12,0.9411924528301886,180.0,51,2010-12-20,2011-06-18,0.16936400000000001,299.89599999999996
216055,1247.08,1350.0,18.85,0.12,0.9237629629629629,180.0,51,2010-12-20,2011-06-18,0.163931,267.7039
216056,1247.08,1375.0,12.85,0.12,0.9069672727272726,180.0,51,2010-12-20,2011-06-18,0.15781900000000001,228.1288
216703,1254.6,1325.0,4.7,0.12,0.9468679245283018,60.0,51,2010-12-21,2011-02-19,0.13178800000000002,112.5435
217021,1254.6,1175.0,125.95,0.12,1.0677446808510638,270.0,51,2010-12-21,2011-09-17,0.21967199999999998,393.2652
217023,1254.6,1225.0,93.75,0.12,1.0241632653061223,270.0,51,2010-12-21,2011-09-17,0.20593699999999998,417.3334
217025,1254.6,1275.0,66.25,0.12,0.9839999999999999,270.0,51,2010-12-21,2011-09-17,0.193425,420.7319
217027,1254.6,1325.0,43.75,0.12,0.9468679245283018,270.0,51,2010-12-21,2011-09-17,0.181498,397.0643
217029,1254.6,1375.0,26.85,0.12,0.9124363636363636,270.0,51,2010-12-21,2011-09-17,0.17108399999999999,345.3083
218413,1256.77,1280.0,8.2,0.12,0.9818515624999999,30.0,51,2010-12-23,2011-01-22,0.128545,120.1085
223796,1257.64,1325.0,13.95,0.12,0.9491622641509435,90.0,52,2010-12-31,2011-03-31,0.158869,195.5817
