secid,date,close
108105,20080102,1447.16
108105,20080103,1447.16
108105,20080104,1411.63
108105,20080107,1416.18
108105,20080108,1390.19
108105,20080109,1409.13
108105,20080110,1420.33
108105,20080111,1401.02
108105,20080114,1416.25
108105,20080115,1380.95
108105,20080116,1373.2
108105,20080117,1333.25
108105,20080118,1325.19
108105,20080122,1310.5
108105,20080123,1338.6
108105,20080124,1352.07
108105,20080125,1330.61
108105,20080128,1353.97
108105,20080129,1362.3
108105,20080130,1355.81
108105,20080131,1378.55
108105,20080201,1395.42
108105,20080204,1380.82
108105,20080205,1336.64
108105,20080206,1326.45
108105,20080207,1336.91
108105,20080208,1331.29
108105,20080211,1339.13
108105,20080212,1348.86
108105,20080213,1367.21
108105,20080214,1348.86
108105,20080215,1349.99
108105,20080219,1348.78
108105,20080220,1360.03
108105,20080221,1342.53
108105,20080222,1353.11
108105,20080225,1371.8
108105,20080226,1381.29
108105,20080227,1380.02
108105,20080228,1367.68
108105,20080229,1330.63
108105,20080303,1331.34
108105,20080304,1326.75
108105,20080305,1333.7
108105,20080306,1304.34
108105,20080307,1293.37
108105,20080310,1273.37
108105,20080311,1320.65
108105,20080312,1308.77
108105,20080313,1315.48
108105,20080314,1288.14
108105,20080317,1276.6
108105,20080318,1330.74
108105,20080319,1298.42
108105,20080320,1329.51
108105,20080324,1349.88
108105,20080325,1352.99
108105,20080326,1341.13
108105,20080327,1325.76
108105,20080328,1315.22
108105,20080331,1322.7
108105,20080401,1370.18
108105,20080402,1367.53
108105,20080403,1369.31
108105,20080404,1370.4
108105,20080407,1372.54
108105,20080408,1365.54
108105,20080409,1354.49
108105,20080410,1360.55
108105,20080411,1332.83
108105,20080414,1328.32
108105,20080415,1334.43
108105,20080416,1364.71
108105,20080417,1365.56
108105,20080418,1390.33
108105,20080421,1388.17
108105,20080422,1375.94
108105,20080423,1379.93
108105,20080424,1388.82
108105,20080425,1397.84
108105,20080428,1396.37
108105,20080429,1390.94
108105,20080430,1385.59
108105,20080501,1409.34
108105,20080502,1413.9
108105,20080505,1407.49
108105,20080506,1418.26
108105,20080507,1392.57
108105,20080508,1397.68
108105,20080509,1388.28
108105,20080512,1403.58
108105,20080513,1403.04
108105,20080514,1408.66
108105,20080515,1423.57
108105,20080516,1425.35
108105,20080519,1426.63
108105,20080520,1413.4
108105,20080521,1390.71
108105,20080522,1394.35
108105,20080523,1375.93
108105,20080527,1385.35
108105,20080528,1390.84
108105,20080529,1398.26
108105,20080530,1400.38
108105,20080602,1385.67
108105,20080603,1377.65
108105,20080604,1377.2
108105,20080605,1404.05
108105,20080606,1360.68
108105,20080609,1361.76
108105,20080610,1358.44
108105,20080611,1335.49
108105,20080612,1339.87
108105,20080613,1360.03
108105,20080616,1360.14
108105,20080617,1350.93
108105,20080618,1337.81
108105,20080619,1342.83
108105,20080620,1317.93
108105,20080623,1318
108105,20080624,1314.29
108105,20080625,1321.97
108105,20080626,1283.15
108105,20080627,1278.38
108105,20080630,1280
108105,20080701,1284.91
108105,20080702,1261.52
108105,20080703,1262.9
108105,20080707,1252.31
108105,20080708,1273.7
108105,20080709,1244.69
108105,20080710,1253.39
108105,20080711,1239.49
108105,20080714,1228.3
108105,20080715,1214.91
108105,20080716,1245.36
108105,20080717,1260.32
108105,20080718,1260.68
108105,20080721,1260
108105,20080722,1277
108105,20080723,1282.19
108105,20080724,1252.54
108105,20080725,1257.76
108105,20080728,1234.37
108105,20080729,1263.2
108105,20080730,1284.26
108105,20080731,1267.38
108105,20080801,1260.31
108105,20080804,1249.01
108105,20080805,1284.88
108105,20080806,1289.19
108105,20080807,1266.07
108105,20080808,1296.32
108105,20080811,1305.32
108105,20080812,1289.59
108105,20080813,1285.83
108105,20080814,1292.93
108105,20080815,1298.2
108105,20080818,1278.6
108105,20080819,1266.69
108105,20080820,1274.54
108105,20080821,1277.72
108105,20080822,1292.2
108105,20080825,1266.84
108105,20080826,1271.51
108105,20080827,1281.66
108105,20080828,1300.68
108105,20080829,1282.83
108105,20080902,1277.58
108105,20080903,1274.98
108105,20080904,1236.83
108105,20080905,1242.31
108105,20080908,1267.79
108105,20080909,1224.51
108105,20080910,1232.04
108105,20080911,1249.05
108105,20080912,1251.7
108105,20080915,1192.7
108105,20080916,1213.6
108105,20080917,1156.39
108105,20080918,1206.51
108105,20080919,1255.08
108105,20080922,1207.09
108105,20080923,1188.22
108105,20080924,1185.87
108105,20080925,1209.18
108105,20080926,1213.27
108105,20080929,1106.42
108105,20080930,1166.36
108105,20081001,1161.06
108105,20081002,1114.28
108105,20081003,1099.23
108105,20081006,1056.89
108105,20081007,996.23
108105,20081008,984.94
108105,20081009,909.92
108105,20081010,899.22
108105,20081013,1003.35
108105,20081014,998.01
108105,20081015,907.84
108105,20081016,946.43
108105,20081017,940.55
108105,20081020,985.4
108105,20081021,955.05
108105,20081022,896.78
108105,20081023,908.11
108105,20081024,876.77
108105,20081027,848.92
108105,20081028,940.51
108105,20081029,930.09
108105,20081030,954.09
108105,20081031,968.75
108105,20081103,966.3
108105,20081104,1005.75
108105,20081105,952.77
108105,20081106,904.88
108105,20081107,930.99
108105,20081110,919.21
108105,20081111,898.95
108105,20081112,852.3
108105,20081113,911.29
108105,20081114,873.29
108105,20081117,850.75
108105,20081118,859.12
108105,20081119,806.58
108105,20081120,752.44
108105,20081121,800.03
108105,20081124,851.81
108105,20081125,857.39
108105,20081126,887.68
108105,20081128,896.24
108105,20081201,816.21
108105,20081202,848.81
108105,20081203,870.74
108105,20081204,845.22
108105,20081205,876.07
108105,20081208,909.7
108105,20081209,888.67
108105,20081210,899.24
108105,20081211,873.59
108105,20081212,879.73
108105,20081215,868.57
108105,20081216,913.18
108105,20081217,904.42
108105,20081218,885.28
108105,20081219,887.88
108105,20081222,871.63
108105,20081223,863.16
108105,20081224,868.15
108105,20081226,872.8
108105,20081229,869.42
108105,20081230,890.64
108105,20081231,903.25
108105,20090102,931.8
108105,20090105,927.45
108105,20090106,934.7
108105,20090107,906.65
108105,20090108,909.73
108105,20090109,890.35
108105,20090112,870.26
108105,20090113,871.79
108105,20090114,842.62
108105,20090115,843.74
108105,20090116,850.12
108105,20090120,805.22
108105,20090121,840.24
108105,20090122,827.5
108105,20090123,831.95
108105,20090126,836.57
108105,20090127,845.71
108105,20090128,874.09
108105,20090129,845.14
108105,20090130,825.88
108105,20090202,825.44
108105,20090203,838.51
108105,20090204,832.23
108105,20090205,845.85
108105,20090206,868.6
108105,20090209,869.89
108105,20090210,827.16
108105,20090211,833.74
108105,20090212,835.19
108105,20090213,826.84
108105,20090217,789.17
108105,20090218,788.42
108105,20090219,778.94
108105,20090220,770.05
108105,20090223,743.33
108105,20090224,773.14
108105,20090225,764.9
108105,20090226,752.83
108105,20090227,735.09
108105,20090302,700.82
108105,20090303,696.33
108105,20090304,712.87
108105,20090305,682.55
108105,20090306,683.38
108105,20090309,676.53
108105,20090310,719.6
108105,20090311,721.36
108105,20090312,750.74
108105,20090313,756.55
108105,20090316,753.89
108105,20090317,778.12
108105,20090318,794.35
108105,20090319,784.04
108105,20090320,768.54
108105,20090323,822.92
108105,20090324,806.25
108105,20090325,813.88
108105,20090326,832.86
108105,20090327,815.94
108105,20090330,787.53
108105,20090331,797.87
108105,20090401,811.08
108105,20090402,834.38
108105,20090403,842.5
108105,20090406,835.48
108105,20090407,815.55
108105,20090408,825.16
108105,20090409,856.56
108105,20090413,858.73
108105,20090414,841.5
108105,20090415,852.06
108105,20090416,865.3
108105,20090417,869.6
108105,20090420,832.39
108105,20090421,850.08
108105,20090422,843.55
108105,20090423,851.92
108105,20090424,866.23
108105,20090427,857.51
108105,20090428,855.16
108105,20090429,873.64
108105,20090430,872.81
108105,20090501,877.52
108105,20090504,907.24
108105,20090505,903.8
108105,20090506,919.53
108105,20090507,907.39
108105,20090508,929.23
108105,20090511,909.24
108105,20090512,908.35
108105,20090513,883.92
108105,20090514,893.07
108105,20090515,882.88
108105,20090518,909.71
108105,20090519,908.13
108105,20090520,903.47
108105,20090521,888.33
108105,20090522,887
108105,20090526,910.33
108105,20090527,893.06
108105,20090528,906.83
108105,20090529,919.14
108105,20090601,942.87
108105,20090602,944.74
108105,20090603,931.76
108105,20090604,942.46
108105,20090605,940.09
108105,20090608,939.14
108105,20090609,942.43
108105,20090610,939.15
108105,20090611,944.89
108105,20090612,946.21
108105,20090615,923.72
108105,20090616,911.97
108105,20090617,910.71
108105,20090618,918.37
108105,20090619,921.23
108105,20090622,893.04
108105,20090623,895.1
108105,20090624,900.94
108105,20090625,920.26
108105,20090626,918.9
108105,20090629,927.23
108105,20090630,919.32
108105,20090701,923.33
108105,20090702,896.42
108105,20090706,898.72
108105,20090707,881.03
108105,20090708,879.56
108105,20090709,882.68
108105,20090710,879.13
108105,20090713,901.05
108105,20090714,905.84
108105,20090715,932.68
108105,20090716,940.74
108105,20090717,940.38
108105,20090720,951.13
108105,20090721,954.58
108105,20090722,954.07
108105,20090723,976.29
108105,20090724,979.26
108105,20090727,982.18
108105,20090728,979.62
108105,20090729,975.15
108105,20090730,986.75
108105,20090731,987.48
108105,20090803,1002.63
108105,20090804,1005.65
108105,20090805,1002.72
108105,20090806,997.08
108105,20090807,1010.48
108105,20090810,1007.1
108105,20090811,994.35
108105,20090812,1005.81
108105,20090813,1012.73
108105,20090814,1004.09
108105,20090817,979.73
108105,20090818,989.67
108105,20090819,996.46
108105,20090820,1007.37
108105,20090821,1026.13
108105,20090824,1025.57
108105,20090825,1028
108105,20090826,1028.12
108105,20090827,1030.98
108105,20090828,1028.93
108105,20090831,1020.62
108105,20090901,998.04
108105,20090902,994.75
108105,20090903,1003.24
108105,20090904,1016.4
108105,20090908,1025.39
108105,20090909,1033.37
108105,20090910,1044.14
108105,20090911,1042.73
108105,20090914,1049.34
108105,20090915,1052.63
108105,20090916,1068.76
108105,20090917,1065.49
108105,20090918,1068.3
108105,20090921,1064.66
108105,20090922,1071.66
108105,20090923,1060.87
108105,20090924,1050.78
108105,20090925,1044.38
108105,20090928,1062.98
108105,20090929,1060.61
108105,20090930,1057.08
108105,20091001,1029.85
108105,20091002,1025.21
108105,20091005,1040.46
108105,20091006,1054.72
108105,20091007,1057.58
108105,20091008,1065.48
108105,20091009,1071.49
108105,20091012,1076.19
108105,20091013,1073.19
108105,20091014,1092.02
108105,20091015,1096.56
108105,20091016,1087.68
108105,20091019,1097.91
108105,20091020,1091.06
108105,20091021,1081.4
108105,20091022,1092.91
108105,20091023,1079.6
108105,20091026,1066.95
108105,20091027,1063.41
108105,20091028,1042.63
108105,20091029,1066.11
108105,20091030,1036.19
108105,20091102,1042.88
108105,20091103,1045.41
108105,20091104,1046.5
108105,20091105,1066.63
108105,20091106,1069.3
108105,20091109,1093.08
108105,20091110,1093.01
108105,20091111,1098.51
108105,20091112,1087.24
108105,20091113,1093.48
108105,20091116,1109.3
108105,20091117,1110.32
108105,20091118,1109.8
108105,20091119,1094.9
108105,20091120,1091.38
108105,20091123,1106.24
108105,20091124,1105.65
108105,20091125,1110.63
108105,20091127,1091.49
108105,20091130,1095.63
108105,20091201,1108.86
108105,20091202,1109.24
108105,20091203,1099.92
108105,20091204,1105.98
108105,20091207,1103.25
108105,20091208,1091.94
108105,20091209,1095.95
108105,20091210,1102.35
108105,20091211,1106.41
108105,20091214,1114.11
108105,20091215,1107.93
108105,20091216,1109.18
108105,20091217,1096.08
108105,20091218,1102.47
108105,20091221,1114.05
108105,20091222,1118.02
108105,20091223,1120.59
108105,20091224,1126.48
108105,20091228,1127.78
108105,20091229,1126.2
108105,20091230,1126.42
108105,20091231,1115.1
108105,20100104,1132.99
108105,20100105,1136.52
108105,20100106,1137.14
108105,20100107,1141.69
108105,20100108,1144.98
108105,20100111,1146.98
108105,20100112,1136.22
108105,20100113,1145.68
108105,20100114,1148.46
108105,20100115,1136.03
108105,20100119,1150.23
108105,20100120,1138.04
108105,20100121,1116.48
108105,20100122,1091.76
108105,20100125,1096.78
108105,20100126,1092.17
108105,20100127,1097.5
108105,20100128,1084.53
108105,20100129,1073.87
108105,20100201,1089.19
108105,20100202,1103.32
108105,20100203,1097.28
108105,20100204,1063.11
108105,20100205,1066.19
108105,20100208,1056.74
108105,20100209,1070.52
108105,20100210,1068.13
108105,20100211,1078.47
108105,20100212,1075.51
108105,20100216,1094.87
108105,20100217,1099.51
108105,20100218,1106.75
108105,20100219,1109.17
108105,20100222,1108.01
108105,20100223,1094.6
108105,20100224,1105.24
108105,20100225,1102.94
108105,20100226,1104.49
108105,20100301,1115.71
108105,20100302,1118.31
108105,20100303,1118.79
108105,20100304,1122.97
108105,20100305,1138.7
108105,20100308,1138.5
108105,20100309,1140.45
108105,20100310,1145.61
108105,20100311,1150.24
108105,20100312,1149.99
108105,20100315,1150.51
108105,20100316,1159.46
108105,20100317,1166.21
108105,20100318,1165.83
108105,20100319,1159.9
108105,20100322,1165.81
108105,20100323,1174.17
108105,20100324,1167.72
108105,20100325,1165.73
108105,20100326,1166.59
108105,20100329,1173.22
108105,20100330,1173.27
108105,20100331,1169.43
108105,20100401,1178.1
108105,20100405,1187.44
108105,20100406,1189.44
108105,20100407,1182.45
108105,20100408,1186.44
108105,20100409,1194.37
108105,20100412,1196.48
108105,20100413,1197.3
108105,20100414,1210.65
108105,20100415,1211.67
108105,20100416,1192.13
108105,20100419,1197.52
108105,20100420,1207.17
108105,20100421,1205.94
108105,20100422,1208.67
108105,20100423,1217.28
108105,20100426,1212.05
108105,20100427,1183.71
108105,20100428,1191.36
108105,20100429,1206.78
108105,20100430,1186.69
108105,20100503,1202.26
108105,20100504,1173.6
108105,20100505,1165.87
108105,20100506,1128.15
108105,20100507,1110.88
108105,20100510,1159.73
108105,20100511,1155.79
108105,20100512,1171.67
108105,20100513,1157.44
108105,20100514,1135.68
108105,20100517,1136.94
108105,20100518,1120.8
108105,20100519,1115.05
108105,20100520,1071.59
108105,20100521,1087.69
108105,20100524,1073.65
108105,20100525,1074.03
108105,20100526,1067.95
108105,20100527,1103.06
108105,20100528,1089.41
108105,20100601,1070.71
108105,20100602,1098.38
108105,20100603,1102.83
108105,20100604,1064.88
108105,20100607,1050.47
108105,20100608,1062
108105,20100609,1055.69
108105,20100610,1086.84
108105,20100611,1091.6
108105,20100614,1089.63
108105,20100615,1115.23
108105,20100616,1114.61
108105,20100617,1116.04
108105,20100618,1117.51
108105,20100621,1113.2
108105,20100622,1095.31
108105,20100623,1092.04
108105,20100624,1073.69
108105,20100625,1076.76
108105,20100628,1074.57
108105,20100629,1041.24
108105,20100630,1030.71
108105,20100701,1027.37
108105,20100702,1022.58
108105,20100706,1028.06
108105,20100707,1060.27
108105,20100708,1070.25
108105,20100709,1077.96
108105,20100712,1078.75
108105,20100713,1095.34
108105,20100714,1095.17
108105,20100715,1096.48
108105,20100716,1064.88
108105,20100719,1071.25
108105,20100720,1083.48
108105,20100721,1069.59
108105,20100722,1093.67
108105,20100723,1102.66
108105,20100726,1115.01
108105,20100727,1113.84
108105,20100728,1106.13
108105,20100729,1101.53
108105,20100730,1101.6
108105,20100802,1125.86
108105,20100803,1120.46
108105,20100804,1127.24
108105,20100805,1125.81
108105,20100806,1121.64
108105,20100809,1127.79
108105,20100810,1121.06
108105,20100811,1089.47
108105,20100812,1083.61
108105,20100813,1079.25
108105,20100816,1079.38
108105,20100817,1092.54
108105,20100818,1094.16
108105,20100819,1075.63
108105,20100820,1071.69
108105,20100823,1067.36
108105,20100824,1051.87
108105,20100825,1055.33
108105,20100826,1047.22
108105,20100827,1064.59
108105,20100830,1048.92
108105,20100831,1049.33
108105,20100901,1080.29
108105,20100902,1090.1
108105,20100903,1104.51
108105,20100907,1091.84
108105,20100908,1098.87
108105,20100909,1104.18
108105,20100910,1109.55
108105,20100913,1121.9
108105,20100914,1121.1
108105,20100915,1125.07
108105,20100916,1124.66
108105,20100917,1125.59
108105,20100920,1142.71
108105,20100921,1139.78
108105,20100922,1134.28
108105,20100923,1124.83
108105,20100924,1148.67
108105,20100927,1142.16
108105,20100928,1147.7
108105,20100929,1144.73
108105,20100930,1141.2
108105,20101001,1146.24
108105,20101004,1137.03
108105,20101005,1160.75
108105,20101006,1159.97
108105,20101007,1158.06
108105,20101008,1165.15
108105,20101011,1165.32
108105,20101012,1169.77
108105,20101013,1178.1
108105,20101014,1173.81
108105,20101015,1176.19
108105,20101018,1184.71
108105,20101019,1165.9
108105,20101020,1178.17
108105,20101021,1180.26
108105,20101022,1183.08
108105,20101025,1185.62
108105,20101026,1185.64
108105,20101027,1182.45
108105,20101028,1183.78
108105,20101029,1183.26
108105,20101101,1184.38
108105,20101102,1193.57
108105,20101103,1197.96
108105,20101104,1221.06
108105,20101105,1225.85
108105,20101108,1223.25
108105,20101109,1213.4
108105,20101110,1218.71
108105,20101111,1213.54
108105,20101112,1199.21
108105,20101115,1197.75
108105,20101116,1178.34
108105,20101117,1178.59
108105,20101118,1196.69
108105,20101119,1199.73
108105,20101122,1197.84
108105,20101123,1180.73
108105,20101124,1198.35
108105,20101126,1189.4
108105,20101129,1187.76
108105,20101130,1180.55
108105,20101201,1206.07
108105,20101202,1221.53
108105,20101203,1224.71
108105,20101206,1223.12
108105,20101207,1223.75
108105,20101208,1228.28
108105,20101209,1233
108105,20101210,1240.4
108105,20101213,1240.46
108105,20101214,1241.59
108105,20101215,1235.23
108105,20101216,1242.87
108105,20101217,1243.91
108105,20101220,1247.08
108105,20101221,1254.6
108105,20101222,1258.84
108105,20101223,1256.77
108105,20101227,1257.54
108105,20101228,1258.51
108105,20101229,1259.78
108105,20101230,1257.88
108105,20101231,1257.64
108105,20110103,1271.89
108105,20110104,1270.2
108105,20110105,1276.56
108105,20110106,1273.85
108105,20110107,1271.5
108105,20110110,1269.75
108105,20110111,1274.48
108105,20110112,1285.96
108105,20110113,1283.76
108105,20110114,1293.24
108105,20110118,1295.02
108105,20110119,1281.92
108105,20110120,1280.26
108105,20110121,1283.35
108105,20110124,1290.84
108105,20110125,1291.18
108105,20110126,1296.63
108105,20110127,1299.54
108105,20110128,1276.34
108105,20110131,1286.12
108105,20110201,1307.59
108105,20110202,1304.03
108105,20110203,1307.1
108105,20110204,1310.87
108105,20110207,1319.05
108105,20110208,1324.57
108105,20110209,1320.88
108105,20110210,1321.87
108105,20110211,1329.15
108105,20110214,1332.32
108105,20110215,1328.01
108105,20110216,1336.32
108105,20110217,1340.43
108105,20110218,1343.01
108105,20110222,1315.44
108105,20110223,1307.4
108105,20110224,1306.1
108105,20110225,1319.88
108105,20110228,1327.22
108105,20110301,1306.33
108105,20110302,1308.44
108105,20110303,1330.97
108105,20110304,1321.15
108105,20110307,1310.13
108105,20110308,1321.82
108105,20110309,1320.02
108105,20110310,1295.11
108105,20110311,1304.28
108105,20110314,1296.39
108105,20110315,1281.87
108105,20110316,1256.88
108105,20110317,1273.72
108105,20110318,1279.2
108105,20110321,1298.38
108105,20110322,1293.77
108105,20110323,1297.54
108105,20110324,1309.66
108105,20110325,1313.8
108105,20110328,1310.19
108105,20110329,1319.44
108105,20110330,1328.26
108105,20110331,1325.83
108105,20110401,1332.41
108105,20110404,1332.87
108105,20110405,1332.63
108105,20110406,1335.54
108105,20110407,1333.51
108105,20110408,1328.17
108105,20110411,1324.46
108105,20110412,1314.16
108105,20110413,1314.41
108105,20110414,1314.52
108105,20110415,1319.68
108105,20110418,1305.14
108105,20110419,1312.62
108105,20110420,1330.36
108105,20110421,1337.38
108105,20110425,1335.25
108105,20110426,1347.24
108105,20110427,1355.66
108105,20110428,1360.48
108105,20110429,1363.61
108105,20110502,1361.22
108105,20110503,1356.62
108105,20110504,1347.32
108105,20110505,1335.1
108105,20110506,1340.2
108105,20110509,1346.29
108105,20110510,1357.16
108105,20110511,1342.08
108105,20110512,1348.65
108105,20110513,1337.77
108105,20110516,1329.47
108105,20110517,1328.98
108105,20110518,1340.68
108105,20110519,1343.6
108105,20110520,1333.27
108105,20110523,1317.37
108105,20110524,1316.28
108105,20110525,1320.47
108105,20110526,1325.69
108105,20110527,1331.1
108105,20110531,1345.2
108105,20110601,1314.55
108105,20110602,1312.94
108105,20110603,1300.16
108105,20110606,1286.17
108105,20110607,1284.94
108105,20110608,1279.56
108105,20110609,1289
108105,20110610,1270.98
108105,20110613,1271.83
108105,20110614,1287.87
108105,20110615,1265.42
108105,20110616,1267.64
108105,20110617,1271.5
108105,20110620,1278.36
108105,20110621,1295.52
108105,20110622,1287.14
108105,20110623,1283.5
108105,20110624,1268.45
108105,20110627,1280.1
108105,20110628,1296.67
108105,20110629,1307.41
108105,20110630,1320.64
108105,20110701,1339.67
108105,20110705,1337.88
108105,20110706,1339.22
108105,20110707,1353.22
108105,20110708,1343.8
108105,20110711,1319.49
108105,20110712,1313.64
108105,20110713,1317.72
108105,20110714,1308.87
108105,20110715,1316.14
108105,20110718,1305.44
108105,20110719,1326.73
108105,20110720,1325.84
108105,20110721,1343.8
108105,20110722,1345.02
108105,20110725,1337.43
108105,20110726,1331.94
108105,20110727,1304.89
108105,20110728,1300.67
108105,20110729,1292.28
108105,20110801,1286.94
108105,20110802,1254.05
108105,20110803,1260.34
108105,20110804,1200.07
108105,20110805,1199.38
108105,20110808,1119.46
108105,20110809,1172.53
108105,20110810,1120.76
108105,20110811,1172.64
108105,20110812,1178.81
108105,20110815,1204.49
108105,20110816,1192.76
108105,20110817,1193.89
108105,20110818,1140.65
108105,20110819,1123.53
108105,20110822,1123.82
108105,20110823,1162.35
108105,20110824,1177.6
108105,20110825,1159.27
108105,20110826,1176.8
108105,20110829,1210.08
108105,20110830,1212.92
108105,20110831,1218.89
108105,20110901,1204.42
108105,20110902,1173.97
108105,20110906,1165.24
108105,20110907,1198.62
108105,20110908,1185.9
108105,20110909,1154.23
108105,20110912,1162.27
108105,20110913,1172.87
108105,20110914,1188.68
108105,20110915,1209.11
108105,20110916,1216.01
108105,20110919,1204.09
108105,20110920,1202.09
108105,20110921,1166.76
108105,20110922,1129.56
108105,20110923,1136.43
108105,20110926,1162.95
108105,20110927,1175.38
108105,20110928,1151.06
108105,20110929,1160.4
108105,20110930,1131.42
108105,20111003,1099.23
108105,20111004,1123.95
108105,20111005,1144.03
108105,20111006,1164.97
108105,20111007,1155.46
108105,20111010,1194.89
108105,20111011,1195.54
108105,20111012,1207.25
108105,20111013,1203.66
108105,20111014,1224.58
108105,20111017,1200.86
108105,20111018,1225.38
108105,20111019,1209.88
108105,20111020,1215.39
108105,20111021,1238.25
108105,20111024,1254.19
108105,20111025,1229.05
108105,20111026,1242
108105,20111027,1284.59
108105,20111028,1285.09
108105,20111031,1253.3
108105,20111101,1218.28
108105,20111102,1237.9
108105,20111103,1261.15
108105,20111104,1253.23
108105,20111107,1261.12
108105,20111108,1275.92
108105,20111109,1229.1
108105,20111110,1239.7
108105,20111111,1263.85
108105,20111114,1251.78
108105,20111115,1257.81
108105,20111116,1236.91
108105,20111117,1216.13
108105,20111118,1215.65
108105,20111121,1192.98
108105,20111122,1188.04
108105,20111123,1161.79
108105,20111125,1158.67
108105,20111128,1192.55
108105,20111129,1195.19
108105,20111130,1246.96
108105,20111201,1244.58
108105,20111202,1244.28
108105,20111205,1257.08
108105,20111206,1258.47
108105,20111207,1261.01
108105,20111208,1234.35
108105,20111209,1255.19
108105,20111212,1236.47
108105,20111213,1225.73
108105,20111214,1211.82
108105,20111215,1215.75
108105,20111216,1219.66
108105,20111219,1205.35
108105,20111220,1241.3
108105,20111221,1243.72
108105,20111222,1254
108105,20111223,1265.33
108105,20111227,1265.43
108105,20111228,1249.64
108105,20111229,1263.02
108105,20111230,1257.6
108105,20120103,1277.06
108105,20120104,1277.3
108105,20120105,1281.06
108105,20120106,1277.81
108105,20120109,1280.7
108105,20120110,1292.08
108105,20120111,1292.48
108105,20120112,1295.5
108105,20120113,1289.09
108105,20120117,1293.67
108105,20120118,1308.04
108105,20120119,1314.5
108105,20120120,1315.38
108105,20120123,1316
108105,20120124,1314.65
108105,20120125,1326.06
108105,20120126,1318.43
108105,20120127,1316.33
108105,20120130,1313.01
108105,20120131,1312.41
108105,20120201,1324.09
108105,20120202,1325.54
108105,20120203,1344.9
108105,20120206,1344.33
108105,20120207,1347.05
108105,20120208,1349.96
108105,20120209,1351.95
108105,20120210,1342.64
108105,20120213,1351.77
108105,20120214,1350.5
108105,20120215,1343.23
108105,20120216,1358.04
108105,20120217,1361.23
108105,20120221,1362.21
108105,20120222,1357.66
108105,20120223,1363.46
108105,20120224,1365.74
108105,20120227,1367.59
108105,20120228,1372.18
108105,20120229,1365.68
108105,20120301,1374.09
108105,20120302,1369.63
108105,20120305,1364.33
108105,20120306,1343.36
108105,20120307,1352.63
108105,20120308,1365.91
108105,20120309,1370.87
108105,20120312,1371.09
108105,20120313,1395.95
108105,20120314,1394.28
108105,20120315,1402.6
108105,20120316,1404.17
108105,20120319,1409.75
108105,20120320,1405.52
108105,20120321,1402.89
108105,20120322,1392.78
108105,20120323,1397.11
108105,20120326,1416.51
108105,20120327,1412.52
108105,20120328,1405.54
108105,20120329,1403.28
108105,20120330,1408.47
108105,20120402,1419.04
108105,20120403,1413.38
108105,20120404,1398.96
108105,20120405,1398.08
108105,20120409,1382.2
108105,20120410,1358.59
108105,20120411,1368.71
108105,20120412,1387.57
108105,20120413,1370.26
108105,20120416,1369.57
108105,20120417,1390.78
108105,20120418,1385.14
108105,20120419,1376.92
108105,20120420,1378.53
108105,20120423,1366.94
108105,20120424,1371.97
108105,20120425,1390.69
108105,20120426,1399.98
108105,20120427,1403.36
108105,20120430,1397.91
108105,20120501,1405.82
108105,20120502,1402.31
108105,20120503,1391.57
108105,20120504,1369.1
108105,20120507,1369.58
108105,20120508,1363.72
108105,20120509,1354.58
108105,20120510,1357.99
108105,20120511,1353.39
108105,20120514,1338.35
108105,20120515,1330.66
108105,20120516,1324.8
108105,20120517,1304.86
108105,20120518,1295.22
108105,20120521,1315.99
108105,20120522,1316.63
108105,20120523,1318.86
108105,20120524,1320.68
108105,20120525,1317.82
108105,20120529,1332.42
108105,20120530,1313.32
108105,20120531,1310.33
108105,20120601,1278.04
108105,20120604,1278.18
108105,20120605,1285.5
108105,20120606,1315.13
108105,20120607,1314.99
108105,20120608,1325.66
108105,20120611,1308.93
108105,20120612,1324.18
108105,20120613,1314.88
108105,20120614,1329.1
108105,20120615,1342.84
108105,20120618,1344.78
108105,20120619,1357.98
108105,20120620,1355.69
108105,20120621,1325.51
108105,20120622,1335.02
108105,20120625,1313.72
108105,20120626,1319.99
108105,20120627,1331.85
108105,20120628,1329.04
108105,20120629,1362.16
108105,20120702,1365.51
108105,20120703,1374.02
108105,20120705,1367.58
108105,20120706,1354.68
108105,20120709,1352.46
108105,20120710,1341.47
108105,20120711,1341.45
108105,20120712,1334.76
108105,20120713,1356.78
108105,20120716,1353.64
108105,20120717,1363.67
108105,20120718,1372.78
108105,20120719,1376.51
108105,20120720,1362.66
108105,20120723,1350.52
108105,20120724,1338.31
108105,20120725,1337.89
108105,20120726,1360.02
108105,20120727,1385.97
108105,20120730,1385.3
108105,20120731,1379.32
108105,20120801,1375.32
108105,20120802,1365
108105,20120803,1390.99
108105,20120806,1394.23
108105,20120807,1401.35
108105,20120808,1402.22
108105,20120809,1402.8
108105,20120810,1405.87
108105,20120813,1404.11
108105,20120814,1403.93
108105,20120815,1405.53
108105,20120816,1415.51
108105,20120817,1418.16
108105,20120820,1418.13
108105,20120821,1413.17
108105,20120822,1413.49
108105,20120823,1402.08
108105,20120824,1411.13
108105,20120827,1410.44
108105,20120828,1409.3
108105,20120829,1410.49
108105,20120830,1399.48
108105,20120831,1406.58
108105,20120904,1404.94
108105,20120905,1403.44
108105,20120906,1432.12
108105,20120907,1437.92
108105,20120910,1429.08
108105,20120911,1433.56
108105,20120912,1436.56
108105,20120913,1459.99
108105,20120914,1465.77
108105,20120917,1461.19
108105,20120918,1459.32
108105,20120919,1461.05
108105,20120920,1460.26
108105,20120921,1460.15
108105,20120924,1456.89
108105,20120925,1441.59
108105,20120926,1433.32
108105,20120927,1447.15
108105,20120928,1440.67
108105,20121001,1444.49
108105,20121002,1445.75
108105,20121003,1450.99
108105,20121004,1461.4
108105,20121005,1460.93
108105,20121008,1455.88
108105,20121009,1441.48
108105,20121010,1432.56
108105,20121011,1432.84
108105,20121012,1428.59
108105,20121015,1440.13
108105,20121016,1454.92
108105,20121017,1460.91
108105,20121018,1457.34
108105,20121019,1433.19
108105,20121022,1433.82
108105,20121023,1413.11
108105,20121024,1408.75
108105,20121025,1412.97
108105,20121026,1411.94
108105,20121031,1412.16
108105,20121101,1427.59
108105,20121102,1414.2
108105,20121105,1417.26
108105,20121106,1428.39
108105,20121107,1394.53
108105,20121108,1377.51
108105,20121109,1379.85
108105,20121112,1380.03
108105,20121113,1374.53
108105,20121114,1355.49
108105,20121115,1353.33
108105,20121116,1359.88
108105,20121119,1386.89
108105,20121120,1387.81
108105,20121121,1391.03
108105,20121123,1409.15
108105,20121126,1406.29
108105,20121127,1398.94
108105,20121128,1409.93
108105,20121129,1415.95
108105,20121130,1416.18
108105,20121203,1409.46
108105,20121204,1407.05
108105,20121205,1409.28
108105,20121206,1413.94
108105,20121207,1418.07
108105,20121210,1418.55
108105,20121211,1427.84
108105,20121212,1428.48
108105,20121213,1419.45
108105,20121214,1413.58
108105,20121217,1430.36
108105,20121218,1446.79
108105,20121219,1435.81
108105,20121220,1443.69
108105,20121221,1430.15
108105,20121224,1426.66
108105,20121226,1419.83
108105,20121227,1418.1
108105,20121228,1402.43
108105,20121231,1426.19
108105,20130102,1462.42
108105,20130103,1459.37
108105,20130104,1466.47
108105,20130107,1461.89
108105,20130108,1457.15
108105,20130109,1461.02
108105,20130110,1472.12
108105,20130111,1472.05
108105,20130114,1470.68
108105,20130115,1472.34
108105,20130116,1472.63
108105,20130117,1480.94
108105,20130118,1485.98
108105,20130122,1492.56
108105,20130123,1494.81
108105,20130124,1494.82
108105,20130125,1502.96
108105,20130128,1500.18
108105,20130129,1507.84
108105,20130130,1501.96
108105,20130131,1498.11
108105,20130201,1513.17
108105,20130204,1495.71
108105,20130205,1511.29
108105,20130206,1512.12
108105,20130207,1509.39
108105,20130208,1517.93
108105,20130211,1517.01
108105,20130212,1519.43
108105,20130213,1520.33
108105,20130214,1521.38
108105,20130215,1519.79
108105,20130219,1530.94
108105,20130220,1511.95
108105,20130221,1502.42
108105,20130222,1515.6
108105,20130225,1487.85
108105,20130226,1496.94
108105,20130227,1515.99
108105,20130228,1514.68
108105,20130301,1518.2
108105,20130304,1525.2
108105,20130305,1539.79
108105,20130306,1541.46
108105,20130307,1544.26
108105,20130308,1551.18
108105,20130311,1556.22
108105,20130312,1552.48
108105,20130313,1554.52
108105,20130314,1563.23
108105,20130315,1560.7
108105,20130318,1552.1
108105,20130319,1548.34
108105,20130320,1558.71
108105,20130321,1545.8
108105,20130322,1556.89
108105,20130325,1551.69
108105,20130326,1563.77
108105,20130327,1562.85
108105,20130328,1569.19
108105,20130401,1562.17
108105,20130402,1570.25
108105,20130403,1553.69
108105,20130404,1559.98
108105,20130405,1553.28
108105,20130408,1563.07
108105,20130409,1568.61
108105,20130410,1587.73
108105,20130411,1593.37
108105,20130412,1588.85
108105,20130415,1552.36
108105,20130416,1574.57
108105,20130417,1552.01
108105,20130418,1541.61
108105,20130419,1555.25
108105,20130422,1562.5
108105,20130423,1578.78
108105,20130424,1578.79
108105,20130425,1585.16
108105,20130426,1582.24
108105,20130429,1593.61
108105,20130430,1597.57
108105,20130501,1582.7
108105,20130502,1597.59
108105,20130503,1614.42
108105,20130506,1617.5
108105,20130507,1625.96
108105,20130508,1632.69
108105,20130509,1626.67
108105,20130510,1633.7
108105,20130513,1633.77
108105,20130514,1650.34
108105,20130515,1658.78
108105,20130516,1650.47
108105,20130517,1667.47
108105,20130520,1666.29
108105,20130521,1669.16
108105,20130522,1655.35
108105,20130523,1650.51
108105,20130524,1649.6
108105,20130528,1660.06
108105,20130529,1648.36
108105,20130530,1654.41
108105,20130531,1630.74
108105,20130603,1640.42
108105,20130604,1631.38
108105,20130605,1608.9
108105,20130606,1622.56
108105,20130607,1643.38
108105,20130610,1642.81
108105,20130611,1626.13
108105,20130612,1612.52
108105,20130613,1636.36
108105,20130614,1626.73
108105,20130617,1639.04
108105,20130618,1651.81
108105,20130619,1628.93
108105,20130620,1588.19
108105,20130621,1592.43
108105,20130624,1573.09
108105,20130625,1588.03
108105,20130626,1603.26
108105,20130627,1613.2
108105,20130628,1606.28
108105,20130701,1614.96
108105,20130702,1614.08
108105,20130703,1615.41
108105,20130705,1631.89
108105,20130708,1640.46
108105,20130709,1652.32
108105,20130710,1652.62
108105,20130711,1675.02
108105,20130712,1680.19
108105,20130715,1682.5
108105,20130716,1676.26
108105,20130717,1680.91
108105,20130718,1689.37
108105,20130719,1692.09
108105,20130722,1695.53
108105,20130723,1692.39
108105,20130724,1685.94
108105,20130725,1690.25
108105,20130726,1691.65
108105,20130729,1685.33
108105,20130730,1685.96
108105,20130731,1685.73
108105,20130801,1706.87
108105,20130802,1709.67
108105,20130805,1707.14
108105,20130806,1697.37
108105,20130807,1690.91
108105,20130808,1697.48
108105,20130809,1691.42
108105,20130812,1689.47
108105,20130813,1694.16
108105,20130814,1685.39
108105,20130815,1661.32
108105,20130816,1655.83
108105,20130819,1646.06
108105,20130820,1652.35
108105,20130821,1642.8
108105,20130822,1656.96
108105,20130823,1663.5
108105,20130826,1656.78
108105,20130827,1630.48
108105,20130828,1634.96
108105,20130829,1638.17
108105,20130830,1632.97
108105,20130903,1639.77
108105,20130904,1653.08
108105,20130905,1655.08
108105,20130906,1655.17
108105,20130909,1671.71
108105,20130910,1683.99
108105,20130911,1689.13
108105,20130912,1683.42
108105,20130913,1687.99
108105,20130916,1697.6
108105,20130917,1704.76
108105,20130918,1725.52
108105,20130919,1722.34
108105,20130920,1709.91
108105,20130923,1701.84
108105,20130924,1697.42
108105,20130925,1692.77
108105,20130926,1698.67
108105,20130927,1691.75
108105,20130930,1681.55
108105,20131001,1695
108105,20131002,1693.87
108105,20131003,1678.66
108105,20131004,1690.5
108105,20131007,1676.12
108105,20131008,1655.45
108105,20131009,1656.4
108105,20131010,1692.56
108105,20131011,1703.2
108105,20131014,1710.14
108105,20131015,1698.06
108105,20131016,1721.54
108105,20131017,1733.15
108105,20131018,1744.5
108105,20131021,1744.66
108105,20131022,1754.67
108105,20131023,1746.38
108105,20131024,1752.07
108105,20131025,1759.77
108105,20131028,1762.11
108105,20131029,1771.95
108105,20131030,1763.31
108105,20131031,1756.54
108105,20131101,1761.64
108105,20131104,1767.93
108105,20131105,1762.97
108105,20131106,1770.49
108105,20131107,1747.15
108105,20131108,1770.61
108105,20131111,1771.89
108105,20131112,1767.69
108105,20131113,1782
108105,20131114,1790.62
108105,20131115,1798.18
108105,20131118,1791.53
108105,20131119,1787.87
108105,20131120,1781.37
108105,20131121,1795.85
108105,20131122,1804.76
108105,20131125,1802.48
108105,20131126,1802.75
108105,20131127,1807.23
108105,20131129,1805.81
108105,20131202,1800.9
108105,20131203,1795.15
108105,20131204,1792.81
108105,20131205,1785.03
108105,20131206,1805.09
108105,20131209,1808.37
108105,20131210,1802.62
108105,20131211,1782.22
108105,20131212,1775.5
108105,20131213,1775.32
108105,20131216,1786.54
108105,20131217,1781
108105,20131218,1810.65
108105,20131219,1809.6
108105,20131220,1818.32
108105,20131223,1827.99
108105,20131224,1833.32
108105,20131226,1842.02
108105,20131227,1841.4
108105,20131230,1841.07
108105,20131231,1848.36
108105,20140102,1831.98
108105,20140103,1831.37
108105,20140106,1826.77
108105,20140107,1837.88
108105,20140108,1837.49
108105,20140109,1838.13
108105,20140110,1842.37
108105,20140113,1819.2
108105,20140114,1838.88
108105,20140115,1848.38
108105,20140116,1845.89
108105,20140117,1838.7
108105,20140121,1843.8
108105,20140122,1844.86
108105,20140123,1828.46
108105,20140124,1790.29
108105,20140127,1781.56
108105,20140128,1792.5
108105,20140129,1774.2
108105,20140130,1794.19
108105,20140131,1782.59
108105,20140203,1741.89
108105,20140204,1755.2
108105,20140205,1751.64
108105,20140206,1773.43
108105,20140207,1797.02
108105,20140210,1799.84
108105,20140211,1819.75
108105,20140212,1819.26
108105,20140213,1829.83
108105,20140214,1838.63
108105,20140218,1840.76
108105,20140219,1828.75
108105,20140220,1839.78
108105,20140221,1836.25
108105,20140224,1847.61
108105,20140225,1845.12
108105,20140226,1845.16
108105,20140227,1854.29
108105,20140228,1859.45
108105,20140303,1845.73
108105,20140304,1873.91
108105,20140305,1873.81
108105,20140306,1877.03
108105,20140307,1878.04
108105,20140310,1877.17
108105,20140311,1867.63
108105,20140312,1868.2
108105,20140313,1846.34
108105,20140314,1841.13
108105,20140317,1858.83
108105,20140318,1872.25
108105,20140319,1860.77
108105,20140320,1872.01
108105,20140321,1866.52
108105,20140324,1857.44
108105,20140325,1865.62
108105,20140326,1852.56
108105,20140327,1849.04
108105,20140328,1857.62
108105,20140331,1872.34
108105,20140401,1885.52
108105,20140402,1890.9
108105,20140403,1888.77
108105,20140404,1865.09
108105,20140407,1845.04
108105,20140408,1851.96
108105,20140409,1872.18
108105,20140410,1833.08
108105,20140411,1815.69
108105,20140414,1830.61
108105,20140415,1842.98
108105,20140416,1862.31
108105,20140417,1864.85
108105,20140421,1871.89
108105,20140422,1879.55
108105,20140423,1875.39
108105,20140424,1878.61
108105,20140425,1863.4
108105,20140428,1869.43
108105,20140429,1878.33
108105,20140430,1883.95
108105,20140501,1883.68
108105,20140502,1881.14
108105,20140505,1884.66
108105,20140506,1867.72
108105,20140507,1878.21
108105,20140508,1875.63
108105,20140509,1878.48
108105,20140512,1896.65
108105,20140513,1897.45
108105,20140514,1888.53
108105,20140515,1870.85
108105,20140516,1877.86
108105,20140519,1885.08
108105,20140520,1872.83
108105,20140521,1888.03
108105,20140522,1892.49
108105,20140523,1900.53
108105,20140527,1911.91
108105,20140528,1909.78
108105,20140529,1920.03
108105,20140530,1923.57
108105,20140602,1924.97
108105,20140603,1924.24
108105,20140604,1927.88
108105,20140605,1940.46
108105,20140606,1949.44
108105,20140609,1951.27
108105,20140610,1950.79
108105,20140611,1943.89
108105,20140612,1930.11
108105,20140613,1936.16
108105,20140616,1937.78
108105,20140617,1941.99
108105,20140618,1956.98
108105,20140619,1959.48
108105,20140620,1962.87
108105,20140623,1962.61
108105,20140624,1949.98
108105,20140625,1959.53
108105,20140626,1957.22
108105,20140627,1960.96
108105,20140630,1960.23
108105,20140701,1973.32
108105,20140702,1974.62
108105,20140703,1985.44
108105,20140707,1977.65
108105,20140708,1963.71
108105,20140709,1972.83
108105,20140710,1964.68
108105,20140711,1967.57
108105,20140714,1977.1
108105,20140715,1973.28
108105,20140716,1981.57
108105,20140717,1958.12
108105,20140718,1978.22
108105,20140721,1973.63
108105,20140722,1983.53
108105,20140723,1987.01
108105,20140724,1987.98
108105,20140725,1978.34
108105,20140728,1978.91
108105,20140729,1969.95
108105,20140730,1970.07
108105,20140731,1930.67
108105,20140801,1925.15
108105,20140804,1938.99
108105,20140805,1920.21
108105,20140806,1920.24
108105,20140807,1909.57
108105,20140808,1931.59
108105,20140811,1936.92
108105,20140812,1933.75
108105,20140813,1946.72
108105,20140814,1955.18
108105,20140815,1955.06
108105,20140818,1971.74
108105,20140819,1981.6
108105,20140820,1986.51
108105,20140821,1992.37
108105,20140822,1988.4
108105,20140825,1997.92
108105,20140826,2000.02
108105,20140827,2000.12
108105,20140828,1996.74
108105,20140829,2003.37
108105,20140902,2002.28
108105,20140903,2000.72
108105,20140904,1997.65
108105,20140905,2007.71
108105,20140908,2001.54
108105,20140909,1988.44
108105,20140910,1995.69
108105,20140911,1997.45
108105,20140912,1985.54
108105,20140915,1984.13
108105,20140916,1998.98
108105,20140917,2001.57
108105,20140918,2011.36
108105,20140919,2010.4
108105,20140922,1994.29
108105,20140923,1982.77
108105,20140924,1998.3
108105,20140925,1965.99
108105,20140926,1982.85
108105,20140929,1977.8
108105,20140930,1972.29
108105,20141001,1946.16
108105,20141002,1946.17
108105,20141003,1967.9
108105,20141006,1964.82
108105,20141007,1935.1
108105,20141008,1968.89
108105,20141009,1928.21
108105,20141010,1906.13
108105,20141013,1874.74
108105,20141014,1877.7
108105,20141015,1862.49
108105,20141016,1862.76
108105,20141017,1886.76
108105,20141020,1904.01
108105,20141021,1941.28
108105,20141022,1927.11
108105,20141023,1950.82
108105,20141024,1964.58
108105,20141027,1961.63
108105,20141028,1985.05
108105,20141029,1982.3
108105,20141030,1994.65
108105,20141031,2018.05
108105,20141103,2017.81
108105,20141104,2012.1
108105,20141105,2023.57
108105,20141106,2031.21
108105,20141107,2031.92
108105,20141110,2038.26
108105,20141111,2039.68
108105,20141112,2038.25
108105,20141113,2039.33
108105,20141114,2039.82
108105,20141117,2041.32
108105,20141118,2051.8
108105,20141119,2048.72
108105,20141120,2052.75
108105,20141121,2063.5
108105,20141124,2069.41
108105,20141125,2067.03
108105,20141126,2072.83
108105,20141128,2067.56
108105,20141201,2053.44
108105,20141202,2066.55
108105,20141203,2074.33
108105,20141204,2071.92
108105,20141205,2075.37
108105,20141208,2060.31
108105,20141209,2059.82
108105,20141210,2026.14
108105,20141211,2035.33
108105,20141212,2002.33
108105,20141215,1989.63
108105,20141216,1972.74
108105,20141217,2012.89
108105,20141218,2061.23
108105,20141219,2070.65
108105,20141222,2078.54
108105,20141223,2082.17
108105,20141224,2081.88
108105,20141226,2088.77
108105,20141229,2090.57
108105,20141230,2080.35
108105,20141231,2058.9
108105,20150102,2058.2
108105,20150105,2020.58
108105,20150106,2002.61
108105,20150107,2025.9
108105,20150108,2062.14
108105,20150109,2044.81
108105,20150112,2028.26
108105,20150113,2023.03
108105,20150114,2011.27
108105,20150115,1992.67
108105,20150116,2019.42
108105,20150120,2022.55
108105,20150121,2032.12
108105,20150122,2063.15
108105,20150123,2051.82
108105,20150126,2057.09
108105,20150127,2029.55
108105,20150128,2002.16
108105,20150129,2021.25
108105,20150130,1994.99
108105,20150202,2020.85
108105,20150203,2050.03
108105,20150204,2041.51
108105,20150205,2062.52
108105,20150206,2055.47
108105,20150209,2046.74
108105,20150210,2068.59
108105,20150211,2068.53
108105,20150212,2088.48
108105,20150213,2096.99
108105,20150217,2100.34
108105,20150218,2099.68
108105,20150219,2097.45
108105,20150220,2110.3
108105,20150223,2109.66
108105,20150224,2115.48
108105,20150225,2113.86
108105,20150226,2110.74
108105,20150227,2104.5
108105,20150302,2117.39
108105,20150303,2107.78
108105,20150304,2098.53
108105,20150305,2101.04
108105,20150306,2071.26
108105,20150309,2079.43
108105,20150310,2044.16
108105,20150311,2040.24
108105,20150312,2065.95
108105,20150313,2053.4
108105,20150316,2081.19
108105,20150317,2074.28
108105,20150318,2099.5
108105,20150319,2089.27
108105,20150320,2108.1
108105,20150323,2104.42
108105,20150324,2091.5
108105,20150325,2061.05
108105,20150326,2056.15
108105,20150327,2061.02
108105,20150330,2086.24
108105,20150331,2067.89
108105,20150401,2059.69
108105,20150402,2066.96
108105,20150406,2080.62
108105,20150407,2076.33
108105,20150408,2081.9
108105,20150409,2091.18
108105,20150410,2102.06
108105,20150413,2092.43
108105,20150414,2095.84
108105,20150415,2106.63
108105,20150416,2104.99
108105,20150417,2081.18
108105,20150420,2100.4
108105,20150421,2097.29
108105,20150422,2107.96
108105,20150423,2112.93
108105,20150424,2117.69
108105,20150427,2108.92
108105,20150428,2114.76
108105,20150429,2106.85
108105,20150430,2085.51
108105,20150501,2108.29
108105,20150504,2114.49
108105,20150505,2089.46
108105,20150506,2080.15
108105,20150507,2088
108105,20150508,2116.1
108105,20150511,2105.33
108105,20150512,2099.12
108105,20150513,2098.48
108105,20150514,2121.1
108105,20150515,2122.73
108105,20150518,2129.2
108105,20150519,2127.83
108105,20150520,2125.85
108105,20150521,2130.82
108105,20150522,2126.06
108105,20150526,2104.2
108105,20150527,2123.48
108105,20150528,2120.79
108105,20150529,2107.39
108105,20150601,2111.73
108105,20150602,2109.6
108105,20150603,2114.07
108105,20150604,2095.84
108105,20150605,2092.83
108105,20150608,2079.28
108105,20150609,2080.15
108105,20150610,2105.2
108105,20150611,2108.86
108105,20150612,2094.11
108105,20150615,2084.43
108105,20150616,2096.29
108105,20150617,2100.44
108105,20150618,2121.24
108105,20150619,2109.99
108105,20150622,2122.85
108105,20150623,2124.2
108105,20150624,2108.58
108105,20150625,2102.31
108105,20150626,2101.49
108105,20150629,2057.64
108105,20150630,2063.11
108105,20150701,2077.42
108105,20150702,2076.78
108105,20150706,2068.76
108105,20150707,2081.34
108105,20150708,2046.68
108105,20150709,2051.31
108105,20150710,2076.62
108105,20150713,2099.6
108105,20150714,2108.95
108105,20150715,2107.4
108105,20150716,2124.29
108105,20150717,2126.64
108105,20150720,2128.28
108105,20150721,2119.21
108105,20150722,2114.15
108105,20150723,2102.15
108105,20150724,2079.65
108105,20150727,2067.64
108105,20150728,2093.25
108105,20150729,2108.57
108105,20150730,2108.63
108105,20150731,2103.84
108105,20150803,2098.04
108105,20150804,2093.32
108105,20150805,2099.84
108105,20150806,2083.56
108105,20150807,2077.57
108105,20150810,2104.18
108105,20150811,2084.07
108105,20150812,2086.05
108105,20150813,2083.39
108105,20150814,2091.54
108105,20150817,2102.44
108105,20150818,2096.92
108105,20150819,2079.61
108105,20150820,2035.73
108105,20150821,1970.89
108105,20150824,1893.21
108105,20150825,1867.61
108105,20150826,1940.51
108105,20150827,1987.66
108105,20150828,1988.87
108105,20150831,1972.18
108105,20150901,1913.85
108105,20150902,1948.86
108105,20150903,1951.13
108105,20150904,1921.22
108105,20150908,1969.41
108105,20150909,1942.04
108105,20150910,1952.29
108105,20150911,1961.05
108105,20150914,1953.03
108105,20150915,1978.09
108105,20150916,1995.31
108105,20150917,1990.2
108105,20150918,1958.03
108105,20150921,1966.97
108105,20150922,1942.74
108105,20150923,1938.76
108105,20150924,1932.24
108105,20150925,1931.34
108105,20150928,1881.77
108105,20150929,1884.09
108105,20150930,1920.03
108105,20151001,1923.82
108105,20151002,1951.36
108105,20151005,1987.05
108105,20151006,1979.92
108105,20151007,1995.83
108105,20151008,2013.43
108105,20151009,2014.89
108105,20151012,2017.46
108105,20151013,2003.69
108105,20151014,1994.24
108105,20151015,2023.86
108105,20151016,2033.11
108105,20151019,2033.66
108105,20151020,2030.77
108105,20151021,2018.94
108105,20151022,2052.51
108105,20151023,2075.15
108105,20151026,2071.18
108105,20151027,2065.89
108105,20151028,2090.35
108105,20151029,2089.41
108105,20151030,2079.36
108105,20151102,2104.05
108105,20151103,2109.79
108105,20151104,2102.31
108105,20151105,2099.93
108105,20151106,2099.2
108105,20151109,2078.58
108105,20151110,2081.72
108105,20151111,2075
108105,20151112,2045.97
108105,20151113,2023.04
108105,20151116,2053.19
108105,20151117,2050.44
108105,20151118,2083.58
108105,20151119,2081.24
108105,20151120,2089.17
108105,20151123,2086.59
108105,20151124,2089.14
108105,20151125,2088.87
108105,20151127,2090.11
108105,20151130,2080.41
108105,20151201,2102.63
108105,20151202,2079.51
108105,20151203,2049.62
108105,20151204,2091.69
108105,20151207,2077.07
108105,20151208,2063.59
108105,20151209,2047.62
108105,20151210,2052.23
108105,20151211,2012.37
108105,20151214,2021.94
108105,20151215,2043.41
108105,20151216,2073.07
108105,20151217,2041.89
108105,20151218,2005.55
108105,20151221,2021.15
108105,20151222,2038.97
108105,20151223,2064.29
108105,20151224,2060.99
108105,20151228,2056.5
108105,20151229,2078.36
108105,20151230,2063.36
108105,20151231,2043.94
108105,20160104,2012.66
108105,20160105,2016.71
108105,20160106,1990.26
108105,20160107,1943.09
108105,20160108,1922.03
108105,20160111,1923.67
108105,20160112,1938.68
108105,20160113,1890.28
108105,20160114,1921.84
108105,20160115,1880.33
108105,20160119,1881.33
108105,20160120,1859.33
108105,20160121,1868.99
108105,20160122,1906.9
108105,20160125,1877.08
108105,20160126,1903.63
108105,20160127,1882.95
108105,20160128,1893.36
108105,20160129,1940.24
108105,20160201,1939.38
108105,20160202,1903.03
108105,20160203,1912.53
108105,20160204,1915.45
108105,20160205,1880.05
108105,20160208,1853.44
108105,20160209,1852.21
108105,20160210,1851.86
108105,20160211,1829.08
108105,20160212,1864.78
108105,20160216,1895.58
108105,20160217,1926.82
108105,20160218,1917.83
108105,20160219,1917.78
108105,20160222,1945.5
108105,20160223,1921.27
108105,20160224,1929.8
108105,20160225,1951.7
108105,20160226,1948.05
108105,20160229,1932.23
108105,20160301,1978.35
108105,20160302,1986.45
108105,20160303,1993.4
108105,20160304,1999.99
108105,20160307,2001.76
108105,20160308,1979.26
108105,20160309,1989.26
108105,20160310,1989.57
108105,20160311,2022.19
108105,20160314,2019.64
108105,20160315,2015.93
108105,20160316,2027.22
108105,20160317,2040.59
108105,20160318,2049.58
108105,20160321,2051.6
108105,20160322,2049.8
108105,20160323,2036.71
108105,20160324,2035.94
108105,20160328,2037.05
108105,20160329,2055.01
108105,20160330,2063.95
108105,20160331,2059.74
108105,20160401,2072.78
108105,20160404,2066.13
108105,20160405,2045.17
108105,20160406,2066.66
108105,20160407,2041.91
108105,20160408,2047.6
108105,20160411,2041.99
108105,20160412,2061.72
108105,20160413,2082.42
108105,20160414,2082.78
108105,20160415,2080.73
108105,20160418,2094.34
108105,20160419,2100.8
108105,20160420,2102.4
108105,20160421,2091.48
108105,20160422,2091.58
108105,20160425,2087.79
108105,20160426,2091.7
108105,20160427,2095.15
108105,20160428,2075.81
108105,20160429,2065.3
108105,20160502,2081.43
108105,20160503,2063.37
108105,20160504,2051.12
108105,20160505,2050.63
108105,20160506,2057.14
108105,20160509,2058.69
108105,20160510,2084.39
108105,20160511,2064.46
108105,20160512,2064.11
108105,20160513,2046.61
108105,20160516,2066.66
108105,20160517,2047.21
108105,20160518,2047.63
108105,20160519,2040.04
108105,20160520,2052.32
108105,20160523,2048.04
108105,20160524,2076.06
108105,20160525,2090.54
108105,20160526,2090.1
108105,20160527,2099.06
108105,20160531,2096.96
108105,20160601,2099.33
108105,20160602,2105.26
108105,20160603,2099.13
108105,20160606,2109.41
108105,20160607,2112.13
108105,20160608,2119.12
108105,20160609,2115.48
108105,20160610,2096.07
108105,20160613,2079.06
108105,20160614,2075.32
108105,20160615,2071.5
108105,20160616,2077.99
108105,20160617,2071.22
108105,20160620,2083.25
108105,20160621,2088.9
108105,20160622,2085.45
108105,20160623,2113.32
108105,20160624,2037.41
108105,20160627,2000.54
108105,20160628,2036.09
108105,20160629,2070.77
108105,20160630,2098.86
108105,20160701,2102.95
108105,20160705,2088.55
108105,20160706,2099.73
108105,20160707,2097.9
108105,20160708,2129.9
108105,20160711,2137.16
108105,20160712,2152.14
108105,20160713,2152.43
108105,20160714,2163.75
108105,20160715,2161.74
108105,20160718,2166.89
108105,20160719,2163.78
108105,20160720,2173.02
108105,20160721,2165.17
108105,20160722,2175.03
108105,20160725,2168.48
108105,20160726,2169.18
108105,20160727,2166.58
108105,20160728,2170.06
108105,20160729,2173.6
108105,20160801,2170.84
108105,20160802,2157.03
108105,20160803,2163.79
108105,20160804,2164.25
108105,20160805,2182.87
108105,20160808,2180.89
108105,20160809,2181.74
108105,20160810,2175.49
108105,20160811,2185.79
108105,20160812,2184.05
108105,20160815,2190.15
108105,20160816,2178.15
108105,20160817,2182.22
108105,20160818,2187.02
108105,20160819,2183.87
108105,20160822,2182.64
108105,20160823,2186.9
108105,20160824,2175.44
108105,20160825,2172.47
108105,20160826,2169.04
108105,20160829,2180.38
108105,20160830,2176.12
108105,20160831,2170.95
108105,20160901,2170.86
108105,20160902,2179.98
108105,20160906,2186.48
108105,20160907,2186.16
108105,20160908,2181.3
108105,20160909,2127.81
108105,20160912,2159.04
108105,20160913,2127.02
108105,20160914,2125.77
108105,20160915,2147.26
108105,20160916,2139.16
108105,20160919,2139.12
108105,20160920,2139.76
108105,20160921,2163.12
108105,20160922,2177.18
108105,20160923,2164.69
108105,20160926,2146.1
108105,20160927,2159.93
108105,20160928,2171.37
108105,20160929,2151.13
108105,20160930,2168.27
108105,20161003,2161.2
108105,20161004,2150.49
108105,20161005,2159.73
108105,20161006,2160.77
108105,20161007,2153.74
108105,20161010,2163.66
108105,20161011,2136.73
108105,20161012,2139.18
108105,20161013,2132.55
108105,20161014,2132.98
108105,20161017,2126.5
108105,20161018,2139.6
108105,20161019,2144.29
108105,20161020,2141.34
108105,20161021,2141.16
108105,20161024,2151.33
108105,20161025,2143.16
108105,20161026,2139.43
108105,20161027,2133.04
108105,20161028,2126.41
108105,20161031,2126.15
108105,20161101,2111.72
108105,20161102,2097.94
108105,20161103,2088.66
108105,20161104,2085.18
108105,20161107,2131.52
108105,20161108,2139.56
108105,20161109,2163.26
108105,20161110,2167.48
108105,20161111,2164.45
108105,20161114,2164.2
108105,20161115,2180.39
108105,20161116,2176.94
108105,20161117,2187.12
108105,20161118,2181.9
108105,20161121,2198.18
108105,20161122,2202.94
108105,20161123,2204.72
108105,20161125,2213.35
108105,20161128,2201.72
108105,20161129,2204.66
108105,20161130,2198.81
108105,20161201,2191.08
108105,20161202,2191.95
108105,20161205,2204.71
108105,20161206,2212.23
108105,20161207,2241.35
108105,20161208,2246.19
108105,20161209,2259.53
108105,20161212,2256.96
108105,20161213,2271.72
108105,20161214,2253.28
108105,20161215,2262.03
108105,20161216,2258.07
108105,20161219,2262.53
108105,20161220,2270.76
108105,20161221,2265.18
108105,20161222,2260.96
108105,20161223,2263.79
108105,20161227,2268.88
108105,20161228,2249.92
108105,20161229,2249.26
108105,20161230,2238.83
108105,20170103,2257.83
108105,20170104,2270.75
108105,20170105,2269
108105,20170106,2276.98
108105,20170109,2268.9
108105,20170110,2268.9
108105,20170111,2275.32
108105,20170112,2270.44
108105,20170113,2274.64
108105,20170117,2267.89
108105,20170118,2271.89
108105,20170119,2263.69
108105,20170120,2271.31
108105,20170123,2265.2
108105,20170124,2280.07
108105,20170125,2298.37
108105,20170126,2296.68
108105,20170127,2294.69
108105,20170130,2280.9
108105,20170131,2278.87
108105,20170201,2279.55
108105,20170202,2280.85
108105,20170203,2297.42
108105,20170206,2292.56
108105,20170207,2293.08
108105,20170208,2294.67
108105,20170209,2307.87
108105,20170210,2316.1
108105,20170213,2328.25
108105,20170214,2337.58
108105,20170215,2349.25
108105,20170216,2347.22
108105,20170217,2351.16
108105,20170221,2365.38
108105,20170222,2362.82
108105,20170223,2363.81
108105,20170224,2367.34
108105,20170227,2369.75
108105,20170228,2363.64
108105,20170301,2395.96
108105,20170302,2381.92
108105,20170303,2383.12
108105,20170306,2375.31
108105,20170307,2368.39
108105,20170308,2362.98
108105,20170309,2364.87
108105,20170310,2372.6
108105,20170313,2373.47
108105,20170314,2365.45
108105,20170315,2385.26
108105,20170316,2381.38
108105,20170317,2378.25
108105,20170320,2373.47
108105,20170321,2344.02
108105,20170322,2348.45
108105,20170323,2345.96
108105,20170324,2343.98
108105,20170327,2341.59
108105,20170328,2358.57
108105,20170329,2361.13
108105,20170330,2368.06
108105,20170331,2362.72
108105,20170403,2358.84
108105,20170404,2360.16
108105,20170405,2352.95
108105,20170406,2357.49
108105,20170407,2355.54
108105,20170410,2357.16
108105,20170411,2353.78
108105,20170412,2344.93
108105,20170413,2328.95
108105,20170417,2349.01
108105,20170418,2342.19
108105,20170419,2338.17
108105,20170420,2355.84
108105,20170421,2348.69
108105,20170424,2374.15
108105,20170425,2388.61
108105,20170426,2387.45
108105,20170427,2388.77
108105,20170428,2384.2
108105,20170501,2388.33
108105,20170502,2391.17
108105,20170503,2388.13
108105,20170504,2389.52
108105,20170505,2399.29
108105,20170508,2399.38
108105,20170509,2396.92
108105,20170510,2399.63
108105,20170511,2394.44
108105,20170512,2390.9
108105,20170515,2402.32
108105,20170516,2400.67
108105,20170517,2357.03
108105,20170518,2365.72
108105,20170519,2381.73
108105,20170522,2394.02
108105,20170523,2398.42
108105,20170524,2404.39
108105,20170525,2415.07
108105,20170526,2415.82
108105,20170530,2412.91
108105,20170531,2411.8
108105,20170601,2430.06
108105,20170602,2439.07
108105,20170605,2436.1
108105,20170606,2429.33
108105,20170607,2433.14
108105,20170608,2433.79
108105,20170609,2431.77
108105,20170612,2429.39
108105,20170613,2440.35
108105,20170614,2437.92
108105,20170615,2432.46
108105,20170616,2433.15
108105,20170619,2453.46
108105,20170620,2437.03
108105,20170621,2435.61
108105,20170622,2434.5
108105,20170623,2438.3
108105,20170626,2439.07
108105,20170627,2419.38
108105,20170628,2440.69
108105,20170629,2419.7
108105,20170630,2423.41
108105,20170703,2429.01
108105,20170705,2432.54
108105,20170706,2409.75
108105,20170707,2425.18
108105,20170710,2427.43
108105,20170711,2425.53
108105,20170712,2443.25
108105,20170713,2447.83
108105,20170714,2459.27
108105,20170717,2459.14
108105,20170718,2460.61
108105,20170719,2473.83
108105,20170720,2473.45
108105,20170721,2472.54
108105,20170724,2469.91
108105,20170725,2477.13
108105,20170726,2477.83
108105,20170727,2475.42
108105,20170728,2472.1
108105,20170731,2470.3
108105,20170801,2476.35
108105,20170802,2477.57
108105,20170803,2472.16
108105,20170804,2476.83
108105,20170807,2480.91
108105,20170808,2474.92
108105,20170809,2474.02
108105,20170810,2438.21
108105,20170811,2441.32
108105,20170814,2465.84
108105,20170815,2464.61
108105,20170816,2468.11
108105,20170817,2430.01
108105,20170818,2425.55
108105,20170821,2428.37
108105,20170822,2452.51
108105,20170823,2444.04
108105,20170824,2438.97
108105,20170825,2443.05
108105,20170828,2444.24
108105,20170829,2446.3
108105,20170830,2457.59
108105,20170831,2471.65
108105,20170901,2476.55
108105,20170905,2457.85
108105,20170906,2465.54
108105,20170907,2465.1
108105,20170908,2461.43
108105,20170911,2488.11
108105,20170912,2496.48
108105,20170913,2498.37
108105,20170914,2495.62
108105,20170915,2500.23
108105,20170918,2503.87
108105,20170919,2506.65
108105,20170920,2508.24
108105,20170921,2500.6
108105,20170922,2502.22
108105,20170925,2496.66
108105,20170926,2496.84
108105,20170927,2507.04
108105,20170928,2510.06
108105,20170929,2519.36
108105,20171002,2529.12
108105,20171003,2534.58
108105,20171004,2537.74
108105,20171005,2552.07
108105,20171006,2549.33
108105,20171009,2544.73
108105,20171010,2550.64
108105,20171011,2555.24
108105,20171012,2550.93
108105,20171013,2553.17
108105,20171016,2557.64
108105,20171017,2559.36
108105,20171018,2561.26
108105,20171019,2562.1
108105,20171020,2575.21
108105,20171023,2564.98
108105,20171024,2569.13
108105,20171025,2557.15
108105,20171026,2560.4
108105,20171027,2581.07
108105,20171030,2572.83
108105,20171031,2575.26
108105,20171101,2579.36
108105,20171102,2579.85
108105,20171103,2587.84
108105,20171106,2591.13
108105,20171107,2590.64
108105,20171108,2594.38
108105,20171109,2584.62
108105,20171110,2582.3
108105,20171113,2584.84
108105,20171114,2578.87
108105,20171115,2564.62
108105,20171116,2585.64
108105,20171117,2578.85
108105,20171120,2582.14
108105,20171121,2599.03
108105,20171122,2597.08
108105,20171124,2602.42
108105,20171127,2601.42
108105,20171128,2627.04
108105,20171129,2626.07
108105,20171130,2647.58
108105,20171201,2642.22
108105,20171204,2639.44
108105,20171205,2629.57
108105,20171206,2629.27
108105,20171207,2636.98
108105,20171208,2651.5
108105,20171211,2659.99
108105,20171212,2664.11
108105,20171213,2662.85
108105,20171214,2652.01
108105,20171215,2675.81
108105,20171218,2690.16
108105,20171219,2681.47
108105,20171220,2679.25
108105,20171221,2684.57
108105,20171222,2683.34
108105,20171226,2680.5
108105,20171227,2682.62
108105,20171228,2687.54
108105,20171229,2673.61
